A,B,C
Albert_Karipova@gmail.com,Albert_Helibron@yahoo.com,Albert_Carey@msn.com
Betty_Wood@yahoo.com,Albert_Helibron@yahoo.com,Albert_Carey@msn.com
Charles_Peterson@msn.com,Albert_Helibron@yahoo.com,Albert_Carey@msn.com
Denny_Goldstein@msn.com,Albert_Helibron@yahoo.com,Albert_Carey@msn.com
Gabriela_Li@hotmail.com,Albert_Helibron@yahoo.com,Albert_Carey@msn.com
Jeremy_Parker@msn.com,Albert_Helibron@yahoo.com,Albert_Carey@msn.com
Mandy_Wood@msn.com,Albert_Helibron@yahoo.com,Albert_Carey@msn.com
Nadir_Toddbridge@hotmail.com,Albert_Helibron@yahoo.com,Albert_Carey@msn.com
Sam_Peterson@hotmail.com,Albert_Helibron@yahoo.com,Albert_Carey@msn.com
Sarena_Carey@hotmail.com,Albert_Helibron@yahoo.com,Albert_Carey@msn.com
Tom_Chrysler@gmail.com,Albert_Helibron@yahoo.com,Albert_Carey@msn.com
Betty_Chrysler@yahoo.com,Albert_Larson@hotmail.com,Albert_Carey@msn.com
Celina_Larson@yahoo.com,Albert_Larson@hotmail.com,Albert_Carey@msn.com
Charles_DSouza@gmail.com,Albert_Larson@hotmail.com,Albert_Carey@msn.com
Charles_Parker@msn.com,Albert_Larson@hotmail.com,Albert_Carey@msn.com
Charles_Peterson@msn.com,Albert_Larson@hotmail.com,Albert_Carey@msn.com
Christy_Lomet@yahoo.com,Albert_Larson@hotmail.com,Albert_Carey@msn.com
Erie_Karipova@msn.com,Albert_Larson@hotmail.com,Albert_Carey@msn.com
Gabriela_Li@hotmail.com,Albert_Larson@hotmail.com,Albert_Carey@msn.com
John_Wood@yahoo.com,Albert_Larson@hotmail.com,Albert_Carey@msn.com
Nadir_Li@gmail.com,Albert_Larson@hotmail.com,Albert_Carey@msn.com
Nadir_Toddbridge@hotmail.com,Albert_Larson@hotmail.com,Albert_Carey@msn.com
Roger_Larson@yahoo.com,Albert_Larson@hotmail.com,Albert_Carey@msn.com
Albert_Karipova@gmail.com,Albert_Smith@msn.com,Albert_Carey@msn.com
Charles_Chrysler@yahoo.com,Albert_Smith@msn.com,Albert_Carey@msn.com
Charles_Peterson@msn.com,Albert_Smith@msn.com,Albert_Carey@msn.com
Christy_Lomet@yahoo.com,Albert_Smith@msn.com,Albert_Carey@msn.com
Gina_Smith@msn.com,Albert_Smith@msn.com,Albert_Carey@msn.com
Jeremy_Goldstein@hotmail.com,Albert_Smith@msn.com,Albert_Carey@msn.com
Kitty_Helibron@hotmail.com,Albert_Smith@msn.com,Albert_Carey@msn.com
Monica_DSouza@msn.com,Albert_Smith@msn.com,Albert_Carey@msn.com
Sarena_Carey@hotmail.com,Albert_Smith@msn.com,Albert_Carey@msn.com
Bruno_Li@msn.com,Alex_Larson@gmail.com,Albert_Carey@msn.com
Bruno_Lomet@gmail.com,Alex_Larson@gmail.com,Albert_Carey@msn.com
Celina_Larson@yahoo.com,Alex_Larson@gmail.com,Albert_Carey@msn.com
Celina_Toddbridge@gmail.com,Alex_Larson@gmail.com,Albert_Carey@msn.com
Charles_DSouza@gmail.com,Alex_Larson@gmail.com,Albert_Carey@msn.com
Charles_Parker@msn.com,Alex_Larson@gmail.com,Albert_Carey@msn.com
Denny_Goldstein@msn.com,Alex_Larson@gmail.com,Albert_Carey@msn.com
Denny_Toddbridge@hotmail.com,Alex_Larson@gmail.com,Albert_Carey@msn.com
Elena_Chrysler@msn.com,Alex_Larson@gmail.com,Albert_Carey@msn.com
Emma_DSouza@msn.com,Alex_Larson@gmail.com,Albert_Carey@msn.com
Emma_Smith@hotmail.com,Alex_Larson@gmail.com,Albert_Carey@msn.com
George_Goldstein@gmail.com,Alex_Larson@gmail.com,Albert_Carey@msn.com
Mandy_Smith@gmail.com,Alex_Larson@gmail.com,Albert_Carey@msn.com
Roger_Larson@yahoo.com,Alex_Larson@gmail.com,Albert_Carey@msn.com
Tina_Keit@msn.com,Alex_Larson@gmail.com,Albert_Carey@msn.com
Betty_Chrysler@yahoo.com,Alex_Peterson@gmail.com,Albert_Carey@msn.com
Betty_Lomet@yahoo.com,Alex_Peterson@gmail.com,Albert_Carey@msn.com
Betty_Wood@yahoo.com,Alex_Peterson@gmail.com,Albert_Carey@msn.com
Bruno_Li@msn.com,Alex_Peterson@gmail.com,Albert_Carey@msn.com
Celina_Larson@yahoo.com,Alex_Peterson@gmail.com,Albert_Carey@msn.com
Charles_DSouza@gmail.com,Alex_Peterson@gmail.com,Albert_Carey@msn.com
Charles_Karipova@msn.com,Alex_Peterson@gmail.com,Albert_Carey@msn.com
Charles_Peterson@msn.com,Alex_Peterson@gmail.com,Albert_Carey@msn.com
Christy_Lomet@yahoo.com,Alex_Peterson@gmail.com,Albert_Carey@msn.com
Elena_Chrysler@msn.com,Alex_Peterson@gmail.com,Albert_Carey@msn.com
Emma_Parker@hotmail.com,Alex_Peterson@gmail.com,Albert_Carey@msn.com
Emma_Smith@hotmail.com,Alex_Peterson@gmail.com,Albert_Carey@msn.com
Gina_Carey@gmail.com,Alex_Peterson@gmail.com,Albert_Carey@msn.com
Gina_Parker@hotmail.com,Alex_Peterson@gmail.com,Albert_Carey@msn.com
Jeremy_Goldstein@hotmail.com,Alex_Peterson@gmail.com,Albert_Carey@msn.com
Mandy_Smith@gmail.com,Alex_Peterson@gmail.com,Albert_Carey@msn.com
Mike_Keit@hotmail.com,Alex_Peterson@gmail.com,Albert_Carey@msn.com
Monica_DSouza@msn.com,Alex_Peterson@gmail.com,Albert_Carey@msn.com
Nadir_Li@gmail.com,Alex_Peterson@gmail.com,Albert_Carey@msn.com
Nadir_Wood@msn.com,Alex_Peterson@gmail.com,Albert_Carey@msn.com
Roger_DSouza@yahoo.com,Alex_Peterson@gmail.com,Albert_Carey@msn.com
Roger_Larson@yahoo.com,Alex_Peterson@gmail.com,Albert_Carey@msn.com
Sarena_Carey@hotmail.com,Alex_Peterson@gmail.com,Albert_Carey@msn.com
Sarena_DSouza@msn.com,Alex_Peterson@gmail.com,Albert_Carey@msn.com
Betty_Lomet@yahoo.com,Betty_Helibron@yahoo.com,Albert_Carey@msn.com
Betty_Wood@yahoo.com,Betty_Helibron@yahoo.com,Albert_Carey@msn.com
Bruno_Li@msn.com,Betty_Helibron@yahoo.com,Albert_Carey@msn.com
Bruno_Parker@hotmail.com,Betty_Helibron@yahoo.com,Albert_Carey@msn.com
Celina_Toddbridge@gmail.com,Betty_Helibron@yahoo.com,Albert_Carey@msn.com
Charles_Parker@msn.com,Betty_Helibron@yahoo.com,Albert_Carey@msn.com
Emma_DSouza@msn.com,Betty_Helibron@yahoo.com,Albert_Carey@msn.com
Emma_Goldstein@yahoo.com,Betty_Helibron@yahoo.com,Albert_Carey@msn.com
Erie_DSouza@hotmail.com,Betty_Helibron@yahoo.com,Albert_Carey@msn.com
Gabriela_Li@hotmail.com,Betty_Helibron@yahoo.com,Albert_Carey@msn.com
Gina_Larson@msn.com,Betty_Helibron@yahoo.com,Albert_Carey@msn.com
Gina_Parker@hotmail.com,Betty_Helibron@yahoo.com,Albert_Carey@msn.com
Gina_Smith@msn.com,Betty_Helibron@yahoo.com,Albert_Carey@msn.com
John_Parker@yahoo.com,Betty_Helibron@yahoo.com,Albert_Carey@msn.com
John_Wood@yahoo.com,Betty_Helibron@yahoo.com,Albert_Carey@msn.com
Monica_DSouza@msn.com,Betty_Helibron@yahoo.com,Albert_Carey@msn.com
Roger_Larson@yahoo.com,Betty_Helibron@yahoo.com,Albert_Carey@msn.com
Sarena_Carey@hotmail.com,Betty_Helibron@yahoo.com,Albert_Carey@msn.com
Betty_Lomet@yahoo.com,Bruno_Karipova@yahoo.com,Albert_Carey@msn.com
Charles_DSouza@gmail.com,Bruno_Karipova@yahoo.com,Albert_Carey@msn.com
Denny_Goldstein@msn.com,Bruno_Karipova@yahoo.com,Albert_Carey@msn.com
Denny_Toddbridge@hotmail.com,Bruno_Karipova@yahoo.com,Albert_Carey@msn.com
Erie_DSouza@hotmail.com,Bruno_Karipova@yahoo.com,Albert_Carey@msn.com
Erie_Karipova@msn.com,Bruno_Karipova@yahoo.com,Albert_Carey@msn.com
Gina_Smith@msn.com,Bruno_Karipova@yahoo.com,Albert_Carey@msn.com
Mandy_Smith@gmail.com,Bruno_Karipova@yahoo.com,Albert_Carey@msn.com
Nadir_Wood@msn.com,Bruno_Karipova@yahoo.com,Albert_Carey@msn.com
Peter_Keit@msn.com,Bruno_Karipova@yahoo.com,Albert_Carey@msn.com
Sam_Helibron@yahoo.com,Bruno_Karipova@yahoo.com,Albert_Carey@msn.com
Tom_Chrysler@gmail.com,Bruno_Karipova@yahoo.com,Albert_Carey@msn.com
Charles_Chrysler@yahoo.com,Bruno_Keit@gmail.com,Albert_Carey@msn.com
Charles_DSouza@gmail.com,Bruno_Keit@gmail.com,Albert_Carey@msn.com
Charles_Peterson@msn.com,Bruno_Keit@gmail.com,Albert_Carey@msn.com
Erie_Karipova@msn.com,Bruno_Keit@gmail.com,Albert_Carey@msn.com
George_Lomet@msn.com,Bruno_Keit@gmail.com,Albert_Carey@msn.com
Gina_Carey@gmail.com,Bruno_Keit@gmail.com,Albert_Carey@msn.com
Gina_Larson@msn.com,Bruno_Keit@gmail.com,Albert_Carey@msn.com
Gina_Smith@msn.com,Bruno_Keit@gmail.com,Albert_Carey@msn.com
Jeremy_Goldstein@hotmail.com,Bruno_Keit@gmail.com,Albert_Carey@msn.com
Mandy_Smith@gmail.com,Bruno_Keit@gmail.com,Albert_Carey@msn.com
Mike_Keit@hotmail.com,Bruno_Keit@gmail.com,Albert_Carey@msn.com
Nadir_Wood@msn.com,Bruno_Keit@gmail.com,Albert_Carey@msn.com
Roger_Carey@msn.com,Bruno_Keit@gmail.com,Albert_Carey@msn.com
Sarena_DSouza@msn.com,Bruno_Keit@gmail.com,Albert_Carey@msn.com
Albert_Karipova@gmail.com,Bruno_Smith@msn.com,Albert_Carey@msn.com
Betty_Chrysler@yahoo.com,Bruno_Smith@msn.com,Albert_Carey@msn.com
Charles_DSouza@gmail.com,Bruno_Smith@msn.com,Albert_Carey@msn.com
Denny_Goldstein@msn.com,Bruno_Smith@msn.com,Albert_Carey@msn.com
Emma_Goldstein@yahoo.com,Bruno_Smith@msn.com,Albert_Carey@msn.com
Jeremy_Goldstein@hotmail.com,Bruno_Smith@msn.com,Albert_Carey@msn.com
Mike_Keit@hotmail.com,Bruno_Smith@msn.com,Albert_Carey@msn.com
Nadir_Li@gmail.com,Bruno_Smith@msn.com,Albert_Carey@msn.com
Nadir_Toddbridge@hotmail.com,Bruno_Smith@msn.com,Albert_Carey@msn.com
Sam_Helibron@yahoo.com,Bruno_Smith@msn.com,Albert_Carey@msn.com
Sam_Li@msn.com,Bruno_Smith@msn.com,Albert_Carey@msn.com
Sarena_Li@gmail.com,Bruno_Smith@msn.com,Albert_Carey@msn.com
Tina_Keit@msn.com,Bruno_Smith@msn.com,Albert_Carey@msn.com
Tom_Wood@msn.com,Bruno_Smith@msn.com,Albert_Carey@msn.com
Albert_Li@gmail.com,Christy_Helibron@hotmail.com,Albert_Carey@msn.com
Betty_Wood@yahoo.com,Christy_Helibron@hotmail.com,Albert_Carey@msn.com
Bruno_Lomet@gmail.com,Christy_Helibron@hotmail.com,Albert_Carey@msn.com
Celina_Larson@yahoo.com,Christy_Helibron@hotmail.com,Albert_Carey@msn.com
Celina_Toddbridge@gmail.com,Christy_Helibron@hotmail.com,Albert_Carey@msn.com
Charles_DSouza@gmail.com,Christy_Helibron@hotmail.com,Albert_Carey@msn.com
Charles_Karipova@msn.com,Christy_Helibron@hotmail.com,Albert_Carey@msn.com
Charles_Parker@msn.com,Christy_Helibron@hotmail.com,Albert_Carey@msn.com
Charles_Peterson@msn.com,Christy_Helibron@hotmail.com,Albert_Carey@msn.com
Emma_Goldstein@yahoo.com,Christy_Helibron@hotmail.com,Albert_Carey@msn.com
Gina_Larson@msn.com,Christy_Helibron@hotmail.com,Albert_Carey@msn.com
Gina_Parker@hotmail.com,Christy_Helibron@hotmail.com,Albert_Carey@msn.com
Kitty_Toddbridge@msn.com,Christy_Helibron@hotmail.com,Albert_Carey@msn.com
Mandy_Wood@msn.com,Christy_Helibron@hotmail.com,Albert_Carey@msn.com
Sarena_DSouza@msn.com,Christy_Helibron@hotmail.com,Albert_Carey@msn.com
Tina_Keit@msn.com,Christy_Helibron@hotmail.com,Albert_Carey@msn.com
Alex_Wood@yahoo.com,Christy_Li@msn.com,Albert_Carey@msn.com
Bruno_Li@msn.com,Christy_Li@msn.com,Albert_Carey@msn.com
Celina_Larson@yahoo.com,Christy_Li@msn.com,Albert_Carey@msn.com
Celina_Parker@gmail.com,Christy_Li@msn.com,Albert_Carey@msn.com
Charles_Karipova@msn.com,Christy_Li@msn.com,Albert_Carey@msn.com
Denny_Toddbridge@hotmail.com,Christy_Li@msn.com,Albert_Carey@msn.com
Emma_Smith@hotmail.com,Christy_Li@msn.com,Albert_Carey@msn.com
Gabriela_Li@hotmail.com,Christy_Li@msn.com,Albert_Carey@msn.com
George_Goldstein@gmail.com,Christy_Li@msn.com,Albert_Carey@msn.com
Gina_Larson@msn.com,Christy_Li@msn.com,Albert_Carey@msn.com
Gina_Smith@msn.com,Christy_Li@msn.com,Albert_Carey@msn.com
Jeremy_Parker@msn.com,Christy_Li@msn.com,Albert_Carey@msn.com
Mike_Keit@hotmail.com,Christy_Li@msn.com,Albert_Carey@msn.com
Peter_Keit@msn.com,Christy_Li@msn.com,Albert_Carey@msn.com
Sam_Goldstein@yahoo.com,Christy_Li@msn.com,Albert_Carey@msn.com
Albert_Karipova@gmail.com,David_Parker@msn.com,Albert_Carey@msn.com
Albert_Li@gmail.com,David_Parker@msn.com,Albert_Carey@msn.com
Betty_Wood@yahoo.com,David_Parker@msn.com,Albert_Carey@msn.com
Bruno_Larson@msn.com,David_Parker@msn.com,Albert_Carey@msn.com
Charles_DSouza@gmail.com,David_Parker@msn.com,Albert_Carey@msn.com
Charles_Peterson@msn.com,David_Parker@msn.com,Albert_Carey@msn.com
Gabriela_Li@hotmail.com,David_Parker@msn.com,Albert_Carey@msn.com
Gina_Larson@msn.com,David_Parker@msn.com,Albert_Carey@msn.com
Mandy_Smith@gmail.com,David_Parker@msn.com,Albert_Carey@msn.com
Mike_Keit@hotmail.com,David_Parker@msn.com,Albert_Carey@msn.com
Sam_Li@msn.com,David_Parker@msn.com,Albert_Carey@msn.com
Tina_Keit@msn.com,David_Parker@msn.com,Albert_Carey@msn.com
Tom_Wood@msn.com,David_Parker@msn.com,Albert_Carey@msn.com
Betty_Chrysler@yahoo.com,Denny_Karipova@yahoo.com,Albert_Carey@msn.com
Charles_Chrysler@yahoo.com,Denny_Karipova@yahoo.com,Albert_Carey@msn.com
Charles_Karipova@msn.com,Denny_Karipova@yahoo.com,Albert_Carey@msn.com
Denny_Larson@yahoo.com,Denny_Karipova@yahoo.com,Albert_Carey@msn.com
Erie_DSouza@hotmail.com,Denny_Karipova@yahoo.com,Albert_Carey@msn.com
Gabriela_Li@hotmail.com,Denny_Karipova@yahoo.com,Albert_Carey@msn.com
John_Wood@yahoo.com,Denny_Karipova@yahoo.com,Albert_Carey@msn.com
Kitty_Toddbridge@msn.com,Denny_Karipova@yahoo.com,Albert_Carey@msn.com
Mike_Keit@hotmail.com,Denny_Karipova@yahoo.com,Albert_Carey@msn.com
Sam_Larson@yahoo.com,Denny_Karipova@yahoo.com,Albert_Carey@msn.com
Sarena_Li@gmail.com,Denny_Karipova@yahoo.com,Albert_Carey@msn.com
Albert_Karipova@gmail.com,Denny_Keit@yahoo.com,Albert_Carey@msn.com
Bruno_Li@msn.com,Denny_Keit@yahoo.com,Albert_Carey@msn.com
Bruno_Lomet@gmail.com,Denny_Keit@yahoo.com,Albert_Carey@msn.com
Bruno_Parker@hotmail.com,Denny_Keit@yahoo.com,Albert_Carey@msn.com
Celina_Toddbridge@gmail.com,Denny_Keit@yahoo.com,Albert_Carey@msn.com
Charles_Peterson@msn.com,Denny_Keit@yahoo.com,Albert_Carey@msn.com
Christy_Lomet@yahoo.com,Denny_Keit@yahoo.com,Albert_Carey@msn.com
Emma_Smith@hotmail.com,Denny_Keit@yahoo.com,Albert_Carey@msn.com
George_Goldstein@gmail.com,Denny_Keit@yahoo.com,Albert_Carey@msn.com
Gina_Carey@gmail.com,Denny_Keit@yahoo.com,Albert_Carey@msn.com
Gina_Larson@msn.com,Denny_Keit@yahoo.com,Albert_Carey@msn.com
Mandy_Wood@msn.com,Denny_Keit@yahoo.com,Albert_Carey@msn.com
Nadir_Wood@msn.com,Denny_Keit@yahoo.com,Albert_Carey@msn.com
Peter_Keit@msn.com,Denny_Keit@yahoo.com,Albert_Carey@msn.com
Roger_Carey@msn.com,Denny_Keit@yahoo.com,Albert_Carey@msn.com
Roger_DSouza@yahoo.com,Denny_Keit@yahoo.com,Albert_Carey@msn.com
Roger_Lomet@msn.com,Denny_Keit@yahoo.com,Albert_Carey@msn.com
Bruno_Larson@msn.com,Elena_DSouza@gmail.com,Albert_Carey@msn.com
Christy_Lomet@yahoo.com,Elena_DSouza@gmail.com,Albert_Carey@msn.com
Denny_Toddbridge@hotmail.com,Elena_DSouza@gmail.com,Albert_Carey@msn.com
George_Lomet@msn.com,Elena_DSouza@gmail.com,Albert_Carey@msn.com
John_Wood@yahoo.com,Elena_DSouza@gmail.com,Albert_Carey@msn.com
Nadir_Toddbridge@hotmail.com,Elena_DSouza@gmail.com,Albert_Carey@msn.com
Roger_DSouza@yahoo.com,Elena_DSouza@gmail.com,Albert_Carey@msn.com
Sam_Peterson@hotmail.com,Elena_DSouza@gmail.com,Albert_Carey@msn.com
Sarena_Li@gmail.com,Elena_DSouza@gmail.com,Albert_Carey@msn.com
Tom_Chrysler@gmail.com,Elena_DSouza@gmail.com,Albert_Carey@msn.com
Alex_Keit@gmail.com,Elena_Parker@yahoo.com,Albert_Carey@msn.com
Bruno_Li@msn.com,Elena_Parker@yahoo.com,Albert_Carey@msn.com
Charles_DSouza@gmail.com,Elena_Parker@yahoo.com,Albert_Carey@msn.com
Gina_Parker@hotmail.com,Elena_Parker@yahoo.com,Albert_Carey@msn.com
John_Wood@yahoo.com,Elena_Parker@yahoo.com,Albert_Carey@msn.com
Mandy_Wood@msn.com,Elena_Parker@yahoo.com,Albert_Carey@msn.com
Nadir_Toddbridge@hotmail.com,Elena_Parker@yahoo.com,Albert_Carey@msn.com
Roger_Carey@msn.com,Elena_Parker@yahoo.com,Albert_Carey@msn.com
Sam_Goldstein@yahoo.com,Elena_Parker@yahoo.com,Albert_Carey@msn.com
Sarena_Li@gmail.com,Elena_Parker@yahoo.com,Albert_Carey@msn.com
Tom_Chrysler@gmail.com,Elena_Parker@yahoo.com,Albert_Carey@msn.com
Alex_Wood@yahoo.com,George_Parker@hotmail.com,Albert_Carey@msn.com
Betty_Chrysler@yahoo.com,George_Parker@hotmail.com,Albert_Carey@msn.com
Betty_Lomet@yahoo.com,George_Parker@hotmail.com,Albert_Carey@msn.com
Betty_Wood@yahoo.com,George_Parker@hotmail.com,Albert_Carey@msn.com
Celina_Larson@yahoo.com,George_Parker@hotmail.com,Albert_Carey@msn.com
Christy_Lomet@yahoo.com,George_Parker@hotmail.com,Albert_Carey@msn.com
Elena_Chrysler@msn.com,George_Parker@hotmail.com,Albert_Carey@msn.com
George_Lomet@msn.com,George_Parker@hotmail.com,Albert_Carey@msn.com
Kitty_Helibron@hotmail.com,George_Parker@hotmail.com,Albert_Carey@msn.com
Nadir_Toddbridge@hotmail.com,George_Parker@hotmail.com,Albert_Carey@msn.com
Peter_Keit@msn.com,George_Parker@hotmail.com,Albert_Carey@msn.com
Roger_Lomet@msn.com,George_Parker@hotmail.com,Albert_Carey@msn.com
Sam_Helibron@yahoo.com,George_Parker@hotmail.com,Albert_Carey@msn.com
Sam_Larson@yahoo.com,George_Parker@hotmail.com,Albert_Carey@msn.com
Sarena_Carey@hotmail.com,George_Parker@hotmail.com,Albert_Carey@msn.com
Betty_Chrysler@yahoo.com,George_Smith@hotmail.com,Albert_Carey@msn.com
Bruno_Parker@hotmail.com,George_Smith@hotmail.com,Albert_Carey@msn.com
Charles_Chrysler@yahoo.com,George_Smith@hotmail.com,Albert_Carey@msn.com
Charles_DSouza@gmail.com,George_Smith@hotmail.com,Albert_Carey@msn.com
Charles_Karipova@msn.com,George_Smith@hotmail.com,Albert_Carey@msn.com
Charles_Parker@msn.com,George_Smith@hotmail.com,Albert_Carey@msn.com
Charles_Peterson@msn.com,George_Smith@hotmail.com,Albert_Carey@msn.com
Denny_Goldstein@msn.com,George_Smith@hotmail.com,Albert_Carey@msn.com
George_Goldstein@gmail.com,George_Smith@hotmail.com,Albert_Carey@msn.com
Gina_Carey@gmail.com,George_Smith@hotmail.com,Albert_Carey@msn.com
John_Wood@yahoo.com,George_Smith@hotmail.com,Albert_Carey@msn.com
Monica_Toddbridge@gmail.com,George_Smith@hotmail.com,Albert_Carey@msn.com
Nadir_Wood@msn.com,George_Smith@hotmail.com,Albert_Carey@msn.com
Roger_DSouza@yahoo.com,George_Smith@hotmail.com,Albert_Carey@msn.com
Sam_Goldstein@yahoo.com,George_Smith@hotmail.com,Albert_Carey@msn.com
Sam_Li@msn.com,George_Smith@hotmail.com,Albert_Carey@msn.com
Sarena_Li@gmail.com,George_Smith@hotmail.com,Albert_Carey@msn.com
Tina_Keit@msn.com,George_Smith@hotmail.com,Albert_Carey@msn.com
Albert_Li@gmail.com,Gina_Helibron@gmail.com,Albert_Carey@msn.com
Alex_Carey@gmail.com,Gina_Helibron@gmail.com,Albert_Carey@msn.com
Alex_Wood@yahoo.com,Gina_Helibron@gmail.com,Albert_Carey@msn.com
Betty_Lomet@yahoo.com,Gina_Helibron@gmail.com,Albert_Carey@msn.com
Bruno_Lomet@gmail.com,Gina_Helibron@gmail.com,Albert_Carey@msn.com
Charles_Chrysler@yahoo.com,Gina_Helibron@gmail.com,Albert_Carey@msn.com
Denny_Goldstein@msn.com,Gina_Helibron@gmail.com,Albert_Carey@msn.com
Denny_Larson@yahoo.com,Gina_Helibron@gmail.com,Albert_Carey@msn.com
Erie_Karipova@msn.com,Gina_Helibron@gmail.com,Albert_Carey@msn.com
Jeremy_Parker@msn.com,Gina_Helibron@gmail.com,Albert_Carey@msn.com
Mike_Keit@hotmail.com,Gina_Helibron@gmail.com,Albert_Carey@msn.com
Monica_DSouza@msn.com,Gina_Helibron@gmail.com,Albert_Carey@msn.com
Nadir_Li@gmail.com,Gina_Helibron@gmail.com,Albert_Carey@msn.com
Roger_DSouza@yahoo.com,Gina_Helibron@gmail.com,Albert_Carey@msn.com
Betty_Chrysler@yahoo.com,Gina_Toddbridge@msn.com,Albert_Carey@msn.com
Charles_Karipova@msn.com,Gina_Toddbridge@msn.com,Albert_Carey@msn.com
Elena_Chrysler@msn.com,Gina_Toddbridge@msn.com,Albert_Carey@msn.com
Emma_Goldstein@yahoo.com,Gina_Toddbridge@msn.com,Albert_Carey@msn.com
Emma_Parker@hotmail.com,Gina_Toddbridge@msn.com,Albert_Carey@msn.com
Monica_DSouza@msn.com,Gina_Toddbridge@msn.com,Albert_Carey@msn.com
Monica_Toddbridge@gmail.com,Gina_Toddbridge@msn.com,Albert_Carey@msn.com
Sam_Li@msn.com,Gina_Toddbridge@msn.com,Albert_Carey@msn.com
Sarena_DSouza@msn.com,Gina_Toddbridge@msn.com,Albert_Carey@msn.com
Sarena_Li@gmail.com,Gina_Toddbridge@msn.com,Albert_Carey@msn.com
Tom_Chrysler@gmail.com,Gina_Toddbridge@msn.com,Albert_Carey@msn.com
Tom_Wood@msn.com,Gina_Toddbridge@msn.com,Albert_Carey@msn.com
Bruno_Larson@msn.com,Jeremy_Carey@msn.com,Albert_Carey@msn.com
Charles_Karipova@msn.com,Jeremy_Carey@msn.com,Albert_Carey@msn.com
Charles_Parker@msn.com,Jeremy_Carey@msn.com,Albert_Carey@msn.com
Denny_Larson@yahoo.com,Jeremy_Carey@msn.com,Albert_Carey@msn.com
Emma_DSouza@msn.com,Jeremy_Carey@msn.com,Albert_Carey@msn.com
Emma_Goldstein@yahoo.com,Jeremy_Carey@msn.com,Albert_Carey@msn.com
Erie_DSouza@hotmail.com,Jeremy_Carey@msn.com,Albert_Carey@msn.com
Gina_Parker@hotmail.com,Jeremy_Carey@msn.com,Albert_Carey@msn.com
Kitty_Toddbridge@msn.com,Jeremy_Carey@msn.com,Albert_Carey@msn.com
Mandy_Wood@msn.com,Jeremy_Carey@msn.com,Albert_Carey@msn.com
Monica_Toddbridge@gmail.com,Jeremy_Carey@msn.com,Albert_Carey@msn.com
Sam_Larson@yahoo.com,Jeremy_Carey@msn.com,Albert_Carey@msn.com
Alex_Keit@gmail.com,John_Chrysler@hotmail.com,Albert_Carey@msn.com
Betty_Chrysler@yahoo.com,John_Chrysler@hotmail.com,Albert_Carey@msn.com
Bruno_Parker@hotmail.com,John_Chrysler@hotmail.com,Albert_Carey@msn.com
Celina_Larson@yahoo.com,John_Chrysler@hotmail.com,Albert_Carey@msn.com
Celina_Toddbridge@gmail.com,John_Chrysler@hotmail.com,Albert_Carey@msn.com
Emma_Smith@hotmail.com,John_Chrysler@hotmail.com,Albert_Carey@msn.com
Gabriela_Li@hotmail.com,John_Chrysler@hotmail.com,Albert_Carey@msn.com
Gina_Smith@msn.com,John_Chrysler@hotmail.com,Albert_Carey@msn.com
Nadir_Li@gmail.com,John_Chrysler@hotmail.com,Albert_Carey@msn.com
Nadir_Toddbridge@hotmail.com,John_Chrysler@hotmail.com,Albert_Carey@msn.com
Nadir_Wood@msn.com,John_Chrysler@hotmail.com,Albert_Carey@msn.com
Roger_Carey@msn.com,John_Chrysler@hotmail.com,Albert_Carey@msn.com
Sam_Goldstein@yahoo.com,John_Chrysler@hotmail.com,Albert_Carey@msn.com
Sarena_Carey@hotmail.com,John_Chrysler@hotmail.com,Albert_Carey@msn.com
Sarena_Li@gmail.com,John_Chrysler@hotmail.com,Albert_Carey@msn.com
Tina_Keit@msn.com,John_Chrysler@hotmail.com,Albert_Carey@msn.com
Tom_Wood@msn.com,John_Chrysler@hotmail.com,Albert_Carey@msn.com
Alex_Carey@gmail.com,Mary_Smith@gmail.com,Albert_Carey@msn.com
Alex_Keit@gmail.com,Mary_Smith@gmail.com,Albert_Carey@msn.com
Alex_Wood@yahoo.com,Mary_Smith@gmail.com,Albert_Carey@msn.com
Celina_Toddbridge@gmail.com,Mary_Smith@gmail.com,Albert_Carey@msn.com
Charles_Chrysler@yahoo.com,Mary_Smith@gmail.com,Albert_Carey@msn.com
Denny_Toddbridge@hotmail.com,Mary_Smith@gmail.com,Albert_Carey@msn.com
Emma_DSouza@msn.com,Mary_Smith@gmail.com,Albert_Carey@msn.com
Emma_Parker@hotmail.com,Mary_Smith@gmail.com,Albert_Carey@msn.com
Erie_Karipova@msn.com,Mary_Smith@gmail.com,Albert_Carey@msn.com
George_Lomet@msn.com,Mary_Smith@gmail.com,Albert_Carey@msn.com
Gina_Carey@gmail.com,Mary_Smith@gmail.com,Albert_Carey@msn.com
John_Wood@yahoo.com,Mary_Smith@gmail.com,Albert_Carey@msn.com
Mandy_Smith@gmail.com,Mary_Smith@gmail.com,Albert_Carey@msn.com
Mandy_Wood@msn.com,Mary_Smith@gmail.com,Albert_Carey@msn.com
Tina_Keit@msn.com,Mary_Smith@gmail.com,Albert_Carey@msn.com
Alex_Keit@gmail.com,Monica_Keit@yahoo.com,Albert_Carey@msn.com
Bruno_Li@msn.com,Monica_Keit@yahoo.com,Albert_Carey@msn.com
Emma_Parker@hotmail.com,Monica_Keit@yahoo.com,Albert_Carey@msn.com
Gina_Carey@gmail.com,Monica_Keit@yahoo.com,Albert_Carey@msn.com
Gina_Larson@msn.com,Monica_Keit@yahoo.com,Albert_Carey@msn.com
Jeremy_Parker@msn.com,Monica_Keit@yahoo.com,Albert_Carey@msn.com
John_Wood@yahoo.com,Monica_Keit@yahoo.com,Albert_Carey@msn.com
Mandy_Smith@gmail.com,Monica_Keit@yahoo.com,Albert_Carey@msn.com
Nadir_Li@gmail.com,Monica_Keit@yahoo.com,Albert_Carey@msn.com
Roger_Lomet@msn.com,Monica_Keit@yahoo.com,Albert_Carey@msn.com
Sarena_Carey@hotmail.com,Monica_Keit@yahoo.com,Albert_Carey@msn.com
Tina_Keit@msn.com,Monica_Keit@yahoo.com,Albert_Carey@msn.com
Bruno_Lomet@gmail.com,Monica_Lomet@hotmail.com,Albert_Carey@msn.com
Celina_Toddbridge@gmail.com,Monica_Lomet@hotmail.com,Albert_Carey@msn.com
Christy_Lomet@yahoo.com,Monica_Lomet@hotmail.com,Albert_Carey@msn.com
Emma_DSouza@msn.com,Monica_Lomet@hotmail.com,Albert_Carey@msn.com
Erie_DSouza@hotmail.com,Monica_Lomet@hotmail.com,Albert_Carey@msn.com
Gabriela_Li@hotmail.com,Monica_Lomet@hotmail.com,Albert_Carey@msn.com
Jeremy_Goldstein@hotmail.com,Monica_Lomet@hotmail.com,Albert_Carey@msn.com
Nadir_Wood@msn.com,Monica_Lomet@hotmail.com,Albert_Carey@msn.com
Roger_DSouza@yahoo.com,Monica_Lomet@hotmail.com,Albert_Carey@msn.com
Sam_Goldstein@yahoo.com,Monica_Lomet@hotmail.com,Albert_Carey@msn.com
Tom_Chrysler@gmail.com,Monica_Lomet@hotmail.com,Albert_Carey@msn.com
Tom_Wood@msn.com,Monica_Lomet@hotmail.com,Albert_Carey@msn.com
Alex_Carey@gmail.com,Nadir_Goldstein@yahoo.com,Albert_Carey@msn.com
Betty_Lomet@yahoo.com,Nadir_Goldstein@yahoo.com,Albert_Carey@msn.com
Charles_DSouza@gmail.com,Nadir_Goldstein@yahoo.com,Albert_Carey@msn.com
Charles_Peterson@msn.com,Nadir_Goldstein@yahoo.com,Albert_Carey@msn.com
Denny_Toddbridge@hotmail.com,Nadir_Goldstein@yahoo.com,Albert_Carey@msn.com
Elena_Chrysler@msn.com,Nadir_Goldstein@yahoo.com,Albert_Carey@msn.com
Emma_DSouza@msn.com,Nadir_Goldstein@yahoo.com,Albert_Carey@msn.com
Emma_Smith@hotmail.com,Nadir_Goldstein@yahoo.com,Albert_Carey@msn.com
Gabriela_Li@hotmail.com,Nadir_Goldstein@yahoo.com,Albert_Carey@msn.com
George_Goldstein@gmail.com,Nadir_Goldstein@yahoo.com,Albert_Carey@msn.com
John_Parker@yahoo.com,Nadir_Goldstein@yahoo.com,Albert_Carey@msn.com
John_Wood@yahoo.com,Nadir_Goldstein@yahoo.com,Albert_Carey@msn.com
Kitty_Toddbridge@msn.com,Nadir_Goldstein@yahoo.com,Albert_Carey@msn.com
Mandy_Smith@gmail.com,Nadir_Goldstein@yahoo.com,Albert_Carey@msn.com
Peter_Keit@msn.com,Nadir_Goldstein@yahoo.com,Albert_Carey@msn.com
Roger_Carey@msn.com,Nadir_Goldstein@yahoo.com,Albert_Carey@msn.com
Roger_Larson@yahoo.com,Nadir_Goldstein@yahoo.com,Albert_Carey@msn.com
Sam_Goldstein@yahoo.com,Nadir_Goldstein@yahoo.com,Albert_Carey@msn.com
Sam_Peterson@hotmail.com,Nadir_Goldstein@yahoo.com,Albert_Carey@msn.com
Alex_Keit@gmail.com,Nadir_Helibron@gmail.com,Albert_Carey@msn.com
Bruno_Larson@msn.com,Nadir_Helibron@gmail.com,Albert_Carey@msn.com
Celina_Toddbridge@gmail.com,Nadir_Helibron@gmail.com,Albert_Carey@msn.com
Christy_Lomet@yahoo.com,Nadir_Helibron@gmail.com,Albert_Carey@msn.com
Emma_Parker@hotmail.com,Nadir_Helibron@gmail.com,Albert_Carey@msn.com
Gina_Carey@gmail.com,Nadir_Helibron@gmail.com,Albert_Carey@msn.com
Kitty_Helibron@hotmail.com,Nadir_Helibron@gmail.com,Albert_Carey@msn.com
Kitty_Toddbridge@msn.com,Nadir_Helibron@gmail.com,Albert_Carey@msn.com
Mike_Keit@hotmail.com,Nadir_Helibron@gmail.com,Albert_Carey@msn.com
Nadir_Li@gmail.com,Nadir_Helibron@gmail.com,Albert_Carey@msn.com
Roger_DSouza@yahoo.com,Nadir_Helibron@gmail.com,Albert_Carey@msn.com
Sam_Goldstein@yahoo.com,Nadir_Helibron@gmail.com,Albert_Carey@msn.com
Sam_Larson@yahoo.com,Nadir_Helibron@gmail.com,Albert_Carey@msn.com
Tom_Wood@msn.com,Nadir_Helibron@gmail.com,Albert_Carey@msn.com
Albert_Li@gmail.com,Nadir_Karipova@msn.com,Albert_Carey@msn.com
Alex_Carey@gmail.com,Nadir_Karipova@msn.com,Albert_Carey@msn.com
Alex_Wood@yahoo.com,Nadir_Karipova@msn.com,Albert_Carey@msn.com
Betty_Lomet@yahoo.com,Nadir_Karipova@msn.com,Albert_Carey@msn.com
Celina_Parker@gmail.com,Nadir_Karipova@msn.com,Albert_Carey@msn.com
Celina_Toddbridge@gmail.com,Nadir_Karipova@msn.com,Albert_Carey@msn.com
Charles_Parker@msn.com,Nadir_Karipova@msn.com,Albert_Carey@msn.com
Denny_Toddbridge@hotmail.com,Nadir_Karipova@msn.com,Albert_Carey@msn.com
John_Parker@yahoo.com,Nadir_Karipova@msn.com,Albert_Carey@msn.com
Mandy_Wood@msn.com,Nadir_Karipova@msn.com,Albert_Carey@msn.com
Sam_Larson@yahoo.com,Nadir_Karipova@msn.com,Albert_Carey@msn.com
Sarena_Carey@hotmail.com,Nadir_Karipova@msn.com,Albert_Carey@msn.com
Betty_Wood@yahoo.com,Peter_Karipova@hotmail.com,Albert_Carey@msn.com
Bruno_Li@msn.com,Peter_Karipova@hotmail.com,Albert_Carey@msn.com
Celina_Larson@yahoo.com,Peter_Karipova@hotmail.com,Albert_Carey@msn.com
Celina_Toddbridge@gmail.com,Peter_Karipova@hotmail.com,Albert_Carey@msn.com
Charles_Chrysler@yahoo.com,Peter_Karipova@hotmail.com,Albert_Carey@msn.com
Denny_Larson@yahoo.com,Peter_Karipova@hotmail.com,Albert_Carey@msn.com
Denny_Toddbridge@hotmail.com,Peter_Karipova@hotmail.com,Albert_Carey@msn.com
Emma_Smith@hotmail.com,Peter_Karipova@hotmail.com,Albert_Carey@msn.com
Gina_Parker@hotmail.com,Peter_Karipova@hotmail.com,Albert_Carey@msn.com
Gina_Smith@msn.com,Peter_Karipova@hotmail.com,Albert_Carey@msn.com
Kitty_Toddbridge@msn.com,Peter_Karipova@hotmail.com,Albert_Carey@msn.com
Nadir_Wood@msn.com,Peter_Karipova@hotmail.com,Albert_Carey@msn.com
Sam_Larson@yahoo.com,Peter_Karipova@hotmail.com,Albert_Carey@msn.com
Sam_Peterson@hotmail.com,Peter_Karipova@hotmail.com,Albert_Carey@msn.com
Sarena_DSouza@msn.com,Peter_Karipova@hotmail.com,Albert_Carey@msn.com
Tom_Wood@msn.com,Peter_Karipova@hotmail.com,Albert_Carey@msn.com
Betty_Wood@yahoo.com,Sam_DSouza@msn.com,Albert_Carey@msn.com
Charles_Parker@msn.com,Sam_DSouza@msn.com,Albert_Carey@msn.com
Christy_Lomet@yahoo.com,Sam_DSouza@msn.com,Albert_Carey@msn.com
Emma_Parker@hotmail.com,Sam_DSouza@msn.com,Albert_Carey@msn.com
Erie_Karipova@msn.com,Sam_DSouza@msn.com,Albert_Carey@msn.com
George_Goldstein@gmail.com,Sam_DSouza@msn.com,Albert_Carey@msn.com
Jeremy_Parker@msn.com,Sam_DSouza@msn.com,Albert_Carey@msn.com
John_Parker@yahoo.com,Sam_DSouza@msn.com,Albert_Carey@msn.com
Kitty_Helibron@hotmail.com,Sam_DSouza@msn.com,Albert_Carey@msn.com
Nadir_Li@gmail.com,Sam_DSouza@msn.com,Albert_Carey@msn.com
Nadir_Wood@msn.com,Sam_DSouza@msn.com,Albert_Carey@msn.com
Roger_Carey@msn.com,Sam_DSouza@msn.com,Albert_Carey@msn.com
Sarena_Carey@hotmail.com,Sam_DSouza@msn.com,Albert_Carey@msn.com
Tina_Keit@msn.com,Sam_DSouza@msn.com,Albert_Carey@msn.com
Alex_Carey@gmail.com,Tom_Carey@msn.com,Albert_Carey@msn.com
Bruno_Parker@hotmail.com,Tom_Carey@msn.com,Albert_Carey@msn.com
Charles_Chrysler@yahoo.com,Tom_Carey@msn.com,Albert_Carey@msn.com
Charles_Karipova@msn.com,Tom_Carey@msn.com,Albert_Carey@msn.com
Denny_Toddbridge@hotmail.com,Tom_Carey@msn.com,Albert_Carey@msn.com
Elena_Chrysler@msn.com,Tom_Carey@msn.com,Albert_Carey@msn.com
Emma_Smith@hotmail.com,Tom_Carey@msn.com,Albert_Carey@msn.com
Gina_Larson@msn.com,Tom_Carey@msn.com,Albert_Carey@msn.com
Gina_Smith@msn.com,Tom_Carey@msn.com,Albert_Carey@msn.com
Jeremy_Parker@msn.com,Tom_Carey@msn.com,Albert_Carey@msn.com
Kitty_Helibron@hotmail.com,Tom_Carey@msn.com,Albert_Carey@msn.com
Roger_Larson@yahoo.com,Tom_Carey@msn.com,Albert_Carey@msn.com
Roger_Lomet@msn.com,Tom_Carey@msn.com,Albert_Carey@msn.com
Sam_Goldstein@yahoo.com,Tom_Carey@msn.com,Albert_Carey@msn.com
Sam_Larson@yahoo.com,Tom_Carey@msn.com,Albert_Carey@msn.com
Sam_Li@msn.com,Tom_Carey@msn.com,Albert_Carey@msn.com
Sarena_Carey@hotmail.com,Tom_Carey@msn.com,Albert_Carey@msn.com
Alex_Peterson@gmail.com,Albert_Karipova@gmail.com,Albert_Helibron@yahoo.com
Bruno_Li@msn.com,Albert_Karipova@gmail.com,Albert_Helibron@yahoo.com
Bruno_Lomet@gmail.com,Albert_Karipova@gmail.com,Albert_Helibron@yahoo.com
Celina_Larson@yahoo.com,Albert_Karipova@gmail.com,Albert_Helibron@yahoo.com
Charles_Chrysler@yahoo.com,Albert_Karipova@gmail.com,Albert_Helibron@yahoo.com
Charles_Karipova@msn.com,Albert_Karipova@gmail.com,Albert_Helibron@yahoo.com
Charles_Parker@msn.com,Albert_Karipova@gmail.com,Albert_Helibron@yahoo.com
Denny_Karipova@yahoo.com,Albert_Karipova@gmail.com,Albert_Helibron@yahoo.com
George_Goldstein@gmail.com,Albert_Karipova@gmail.com,Albert_Helibron@yahoo.com
George_Smith@hotmail.com,Albert_Karipova@gmail.com,Albert_Helibron@yahoo.com
Gina_Larson@msn.com,Albert_Karipova@gmail.com,Albert_Helibron@yahoo.com
John_Parker@yahoo.com,Albert_Karipova@gmail.com,Albert_Helibron@yahoo.com
Kitty_Helibron@hotmail.com,Albert_Karipova@gmail.com,Albert_Helibron@yahoo.com
Monica_Toddbridge@gmail.com,Albert_Karipova@gmail.com,Albert_Helibron@yahoo.com
Roger_Larson@yahoo.com,Albert_Karipova@gmail.com,Albert_Helibron@yahoo.com
Sam_Larson@yahoo.com,Albert_Karipova@gmail.com,Albert_Helibron@yahoo.com
Betty_Lomet@yahoo.com,Betty_Wood@yahoo.com,Albert_Helibron@yahoo.com
Bruno_Larson@msn.com,Betty_Wood@yahoo.com,Albert_Helibron@yahoo.com
Bruno_Parker@hotmail.com,Betty_Wood@yahoo.com,Albert_Helibron@yahoo.com
Bruno_Smith@msn.com,Betty_Wood@yahoo.com,Albert_Helibron@yahoo.com
Celina_Toddbridge@gmail.com,Betty_Wood@yahoo.com,Albert_Helibron@yahoo.com
Elena_DSouza@gmail.com,Betty_Wood@yahoo.com,Albert_Helibron@yahoo.com
Elena_Parker@yahoo.com,Betty_Wood@yahoo.com,Albert_Helibron@yahoo.com
Emma_Smith@hotmail.com,Betty_Wood@yahoo.com,Albert_Helibron@yahoo.com
Erie_DSouza@hotmail.com,Betty_Wood@yahoo.com,Albert_Helibron@yahoo.com
George_Lomet@msn.com,Betty_Wood@yahoo.com,Albert_Helibron@yahoo.com
George_Parker@hotmail.com,Betty_Wood@yahoo.com,Albert_Helibron@yahoo.com
Jeremy_Carey@msn.com,Betty_Wood@yahoo.com,Albert_Helibron@yahoo.com
Monica_Keit@yahoo.com,Betty_Wood@yahoo.com,Albert_Helibron@yahoo.com
Nadir_Goldstein@yahoo.com,Betty_Wood@yahoo.com,Albert_Helibron@yahoo.com
Nadir_Li@gmail.com,Betty_Wood@yahoo.com,Albert_Helibron@yahoo.com
Nadir_Wood@msn.com,Betty_Wood@yahoo.com,Albert_Helibron@yahoo.com
Peter_Keit@msn.com,Betty_Wood@yahoo.com,Albert_Helibron@yahoo.com
Roger_Lomet@msn.com,Betty_Wood@yahoo.com,Albert_Helibron@yahoo.com
Sam_Goldstein@yahoo.com,Betty_Wood@yahoo.com,Albert_Helibron@yahoo.com
Sam_Helibron@yahoo.com,Betty_Wood@yahoo.com,Albert_Helibron@yahoo.com
Sam_Li@msn.com,Betty_Wood@yahoo.com,Albert_Helibron@yahoo.com
Tom_Wood@msn.com,Betty_Wood@yahoo.com,Albert_Helibron@yahoo.com
Betty_Lomet@yahoo.com,Bruno_Karipova@yahoo.com,Albert_Helibron@yahoo.com
Charles_DSouza@gmail.com,Bruno_Karipova@yahoo.com,Albert_Helibron@yahoo.com
Denny_Toddbridge@hotmail.com,Bruno_Karipova@yahoo.com,Albert_Helibron@yahoo.com
Elena_DSouza@gmail.com,Bruno_Karipova@yahoo.com,Albert_Helibron@yahoo.com
Erie_DSouza@hotmail.com,Bruno_Karipova@yahoo.com,Albert_Helibron@yahoo.com
Erie_Karipova@msn.com,Bruno_Karipova@yahoo.com,Albert_Helibron@yahoo.com
Gina_Smith@msn.com,Bruno_Karipova@yahoo.com,Albert_Helibron@yahoo.com
Jeremy_Carey@msn.com,Bruno_Karipova@yahoo.com,Albert_Helibron@yahoo.com
Mandy_Smith@gmail.com,Bruno_Karipova@yahoo.com,Albert_Helibron@yahoo.com
Mary_Smith@gmail.com,Bruno_Karipova@yahoo.com,Albert_Helibron@yahoo.com
Monica_Keit@yahoo.com,Bruno_Karipova@yahoo.com,Albert_Helibron@yahoo.com
Monica_Lomet@hotmail.com,Bruno_Karipova@yahoo.com,Albert_Helibron@yahoo.com
Nadir_Helibron@gmail.com,Bruno_Karipova@yahoo.com,Albert_Helibron@yahoo.com
Nadir_Wood@msn.com,Bruno_Karipova@yahoo.com,Albert_Helibron@yahoo.com
Peter_Keit@msn.com,Bruno_Karipova@yahoo.com,Albert_Helibron@yahoo.com
Sam_Helibron@yahoo.com,Bruno_Karipova@yahoo.com,Albert_Helibron@yahoo.com
Tom_Carey@msn.com,Bruno_Karipova@yahoo.com,Albert_Helibron@yahoo.com
Albert_Carey@msn.com,Charles_Peterson@msn.com,Albert_Helibron@yahoo.com
Albert_Smith@msn.com,Charles_Peterson@msn.com,Albert_Helibron@yahoo.com
Betty_Lomet@yahoo.com,Charles_Peterson@msn.com,Albert_Helibron@yahoo.com
Celina_Toddbridge@gmail.com,Charles_Peterson@msn.com,Albert_Helibron@yahoo.com
Charles_Chrysler@yahoo.com,Charles_Peterson@msn.com,Albert_Helibron@yahoo.com
Emma_Goldstein@yahoo.com,Charles_Peterson@msn.com,Albert_Helibron@yahoo.com
Gina_Larson@msn.com,Charles_Peterson@msn.com,Albert_Helibron@yahoo.com
Jeremy_Carey@msn.com,Charles_Peterson@msn.com,Albert_Helibron@yahoo.com
John_Parker@yahoo.com,Charles_Peterson@msn.com,Albert_Helibron@yahoo.com
John_Wood@yahoo.com,Charles_Peterson@msn.com,Albert_Helibron@yahoo.com
Nadir_Wood@msn.com,Charles_Peterson@msn.com,Albert_Helibron@yahoo.com
Peter_Keit@msn.com,Charles_Peterson@msn.com,Albert_Helibron@yahoo.com
Roger_Larson@yahoo.com,Charles_Peterson@msn.com,Albert_Helibron@yahoo.com
Sam_Larson@yahoo.com,Charles_Peterson@msn.com,Albert_Helibron@yahoo.com
Tina_Keit@msn.com,Charles_Peterson@msn.com,Albert_Helibron@yahoo.com
Tom_Carey@msn.com,Charles_Peterson@msn.com,Albert_Helibron@yahoo.com
Albert_Larson@hotmail.com,Christy_Li@msn.com,Albert_Helibron@yahoo.com
Albert_Smith@msn.com,Christy_Li@msn.com,Albert_Helibron@yahoo.com
Alex_Wood@yahoo.com,Christy_Li@msn.com,Albert_Helibron@yahoo.com
Bruno_Keit@gmail.com,Christy_Li@msn.com,Albert_Helibron@yahoo.com
Bruno_Li@msn.com,Christy_Li@msn.com,Albert_Helibron@yahoo.com
Celina_Larson@yahoo.com,Christy_Li@msn.com,Albert_Helibron@yahoo.com
Celina_Parker@gmail.com,Christy_Li@msn.com,Albert_Helibron@yahoo.com
Charles_Karipova@msn.com,Christy_Li@msn.com,Albert_Helibron@yahoo.com
Denny_Toddbridge@hotmail.com,Christy_Li@msn.com,Albert_Helibron@yahoo.com
Elena_DSouza@gmail.com,Christy_Li@msn.com,Albert_Helibron@yahoo.com
Emma_Smith@hotmail.com,Christy_Li@msn.com,Albert_Helibron@yahoo.com
George_Goldstein@gmail.com,Christy_Li@msn.com,Albert_Helibron@yahoo.com
George_Parker@hotmail.com,Christy_Li@msn.com,Albert_Helibron@yahoo.com
Gina_Larson@msn.com,Christy_Li@msn.com,Albert_Helibron@yahoo.com
Gina_Smith@msn.com,Christy_Li@msn.com,Albert_Helibron@yahoo.com
Mike_Keit@hotmail.com,Christy_Li@msn.com,Albert_Helibron@yahoo.com
Nadir_Goldstein@yahoo.com,Christy_Li@msn.com,Albert_Helibron@yahoo.com
Peter_Keit@msn.com,Christy_Li@msn.com,Albert_Helibron@yahoo.com
Sam_Goldstein@yahoo.com,Christy_Li@msn.com,Albert_Helibron@yahoo.com
Tom_Carey@msn.com,Christy_Li@msn.com,Albert_Helibron@yahoo.com
Alex_Keit@gmail.com,Denny_Goldstein@msn.com,Albert_Helibron@yahoo.com
Alex_Peterson@gmail.com,Denny_Goldstein@msn.com,Albert_Helibron@yahoo.com
Betty_Helibron@yahoo.com,Denny_Goldstein@msn.com,Albert_Helibron@yahoo.com
Bruno_Keit@gmail.com,Denny_Goldstein@msn.com,Albert_Helibron@yahoo.com
Bruno_Li@msn.com,Denny_Goldstein@msn.com,Albert_Helibron@yahoo.com
Bruno_Lomet@gmail.com,Denny_Goldstein@msn.com,Albert_Helibron@yahoo.com
Charles_DSouza@gmail.com,Denny_Goldstein@msn.com,Albert_Helibron@yahoo.com
Denny_Toddbridge@hotmail.com,Denny_Goldstein@msn.com,Albert_Helibron@yahoo.com
Elena_Chrysler@msn.com,Denny_Goldstein@msn.com,Albert_Helibron@yahoo.com
Elena_Parker@yahoo.com,Denny_Goldstein@msn.com,Albert_Helibron@yahoo.com
Emma_DSouza@msn.com,Denny_Goldstein@msn.com,Albert_Helibron@yahoo.com
Emma_Smith@hotmail.com,Denny_Goldstein@msn.com,Albert_Helibron@yahoo.com
Erie_DSouza@hotmail.com,Denny_Goldstein@msn.com,Albert_Helibron@yahoo.com
George_Lomet@msn.com,Denny_Goldstein@msn.com,Albert_Helibron@yahoo.com
Gina_Helibron@gmail.com,Denny_Goldstein@msn.com,Albert_Helibron@yahoo.com
Gina_Larson@msn.com,Denny_Goldstein@msn.com,Albert_Helibron@yahoo.com
Gina_Smith@msn.com,Denny_Goldstein@msn.com,Albert_Helibron@yahoo.com
Jeremy_Carey@msn.com,Denny_Goldstein@msn.com,Albert_Helibron@yahoo.com
Jeremy_Goldstein@hotmail.com,Denny_Goldstein@msn.com,Albert_Helibron@yahoo.com
John_Parker@yahoo.com,Denny_Goldstein@msn.com,Albert_Helibron@yahoo.com
Mandy_Smith@gmail.com,Denny_Goldstein@msn.com,Albert_Helibron@yahoo.com
Monica_Lomet@hotmail.com,Denny_Goldstein@msn.com,Albert_Helibron@yahoo.com
Nadir_Helibron@gmail.com,Denny_Goldstein@msn.com,Albert_Helibron@yahoo.com
Tina_Keit@msn.com,Denny_Goldstein@msn.com,Albert_Helibron@yahoo.com
Celina_Toddbridge@gmail.com,Gabriela_Li@hotmail.com,Albert_Helibron@yahoo.com
Charles_DSouza@gmail.com,Gabriela_Li@hotmail.com,Albert_Helibron@yahoo.com
Elena_Chrysler@msn.com,Gabriela_Li@hotmail.com,Albert_Helibron@yahoo.com
Emma_DSouza@msn.com,Gabriela_Li@hotmail.com,Albert_Helibron@yahoo.com
Emma_Parker@hotmail.com,Gabriela_Li@hotmail.com,Albert_Helibron@yahoo.com
George_Goldstein@gmail.com,Gabriela_Li@hotmail.com,Albert_Helibron@yahoo.com
Mandy_Smith@gmail.com,Gabriela_Li@hotmail.com,Albert_Helibron@yahoo.com
Peter_Keit@msn.com,Gabriela_Li@hotmail.com,Albert_Helibron@yahoo.com
Roger_Carey@msn.com,Gabriela_Li@hotmail.com,Albert_Helibron@yahoo.com
Roger_DSouza@yahoo.com,Gabriela_Li@hotmail.com,Albert_Helibron@yahoo.com
Roger_Larson@yahoo.com,Gabriela_Li@hotmail.com,Albert_Helibron@yahoo.com
Tina_Keit@msn.com,Gabriela_Li@hotmail.com,Albert_Helibron@yahoo.com
Betty_Chrysler@yahoo.com,Gina_Toddbridge@msn.com,Albert_Helibron@yahoo.com
Betty_Helibron@yahoo.com,Gina_Toddbridge@msn.com,Albert_Helibron@yahoo.com
Charles_Karipova@msn.com,Gina_Toddbridge@msn.com,Albert_Helibron@yahoo.com
Elena_Chrysler@msn.com,Gina_Toddbridge@msn.com,Albert_Helibron@yahoo.com
Elena_Parker@yahoo.com,Gina_Toddbridge@msn.com,Albert_Helibron@yahoo.com
Emma_Goldstein@yahoo.com,Gina_Toddbridge@msn.com,Albert_Helibron@yahoo.com
Emma_Parker@hotmail.com,Gina_Toddbridge@msn.com,Albert_Helibron@yahoo.com
George_Parker@hotmail.com,Gina_Toddbridge@msn.com,Albert_Helibron@yahoo.com
Monica_DSouza@msn.com,Gina_Toddbridge@msn.com,Albert_Helibron@yahoo.com
Monica_Toddbridge@gmail.com,Gina_Toddbridge@msn.com,Albert_Helibron@yahoo.com
Nadir_Helibron@gmail.com,Gina_Toddbridge@msn.com,Albert_Helibron@yahoo.com
Sam_Li@msn.com,Gina_Toddbridge@msn.com,Albert_Helibron@yahoo.com
Sarena_DSouza@msn.com,Gina_Toddbridge@msn.com,Albert_Helibron@yahoo.com
Sarena_Li@gmail.com,Gina_Toddbridge@msn.com,Albert_Helibron@yahoo.com
Tom_Carey@msn.com,Gina_Toddbridge@msn.com,Albert_Helibron@yahoo.com
Tom_Wood@msn.com,Gina_Toddbridge@msn.com,Albert_Helibron@yahoo.com
Albert_Larson@hotmail.com,Jeremy_Parker@msn.com,Albert_Helibron@yahoo.com
Albert_Smith@msn.com,Jeremy_Parker@msn.com,Albert_Helibron@yahoo.com
Alex_Keit@gmail.com,Jeremy_Parker@msn.com,Albert_Helibron@yahoo.com
Alex_Peterson@gmail.com,Jeremy_Parker@msn.com,Albert_Helibron@yahoo.com
Bruno_Smith@msn.com,Jeremy_Parker@msn.com,Albert_Helibron@yahoo.com
Celina_Parker@gmail.com,Jeremy_Parker@msn.com,Albert_Helibron@yahoo.com
Emma_Goldstein@yahoo.com,Jeremy_Parker@msn.com,Albert_Helibron@yahoo.com
Jeremy_Carey@msn.com,Jeremy_Parker@msn.com,Albert_Helibron@yahoo.com
Kitty_Helibron@hotmail.com,Jeremy_Parker@msn.com,Albert_Helibron@yahoo.com
Mandy_Smith@gmail.com,Jeremy_Parker@msn.com,Albert_Helibron@yahoo.com
Monica_DSouza@msn.com,Jeremy_Parker@msn.com,Albert_Helibron@yahoo.com
Monica_Toddbridge@gmail.com,Jeremy_Parker@msn.com,Albert_Helibron@yahoo.com
Roger_Lomet@msn.com,Jeremy_Parker@msn.com,Albert_Helibron@yahoo.com
Sam_DSouza@msn.com,Jeremy_Parker@msn.com,Albert_Helibron@yahoo.com
Tom_Carey@msn.com,Jeremy_Parker@msn.com,Albert_Helibron@yahoo.com
Albert_Larson@hotmail.com,John_Chrysler@hotmail.com,Albert_Helibron@yahoo.com
Alex_Keit@gmail.com,John_Chrysler@hotmail.com,Albert_Helibron@yahoo.com
Alex_Larson@gmail.com,John_Chrysler@hotmail.com,Albert_Helibron@yahoo.com
Betty_Chrysler@yahoo.com,John_Chrysler@hotmail.com,Albert_Helibron@yahoo.com
Bruno_Parker@hotmail.com,John_Chrysler@hotmail.com,Albert_Helibron@yahoo.com
Bruno_Smith@msn.com,John_Chrysler@hotmail.com,Albert_Helibron@yahoo.com
Celina_Larson@yahoo.com,John_Chrysler@hotmail.com,Albert_Helibron@yahoo.com
Celina_Toddbridge@gmail.com,John_Chrysler@hotmail.com,Albert_Helibron@yahoo.com
Emma_Smith@hotmail.com,John_Chrysler@hotmail.com,Albert_Helibron@yahoo.com
Gina_Smith@msn.com,John_Chrysler@hotmail.com,Albert_Helibron@yahoo.com
Mary_Smith@gmail.com,John_Chrysler@hotmail.com,Albert_Helibron@yahoo.com
Monica_Lomet@hotmail.com,John_Chrysler@hotmail.com,Albert_Helibron@yahoo.com
Nadir_Helibron@gmail.com,John_Chrysler@hotmail.com,Albert_Helibron@yahoo.com
Nadir_Li@gmail.com,John_Chrysler@hotmail.com,Albert_Helibron@yahoo.com
Nadir_Wood@msn.com,John_Chrysler@hotmail.com,Albert_Helibron@yahoo.com
Roger_Carey@msn.com,John_Chrysler@hotmail.com,Albert_Helibron@yahoo.com
Sam_Goldstein@yahoo.com,John_Chrysler@hotmail.com,Albert_Helibron@yahoo.com
Sarena_Li@gmail.com,John_Chrysler@hotmail.com,Albert_Helibron@yahoo.com
Tina_Keit@msn.com,John_Chrysler@hotmail.com,Albert_Helibron@yahoo.com
Tom_Wood@msn.com,John_Chrysler@hotmail.com,Albert_Helibron@yahoo.com
Albert_Li@gmail.com,Mandy_Wood@msn.com,Albert_Helibron@yahoo.com
Alex_Carey@gmail.com,Mandy_Wood@msn.com,Albert_Helibron@yahoo.com
Alex_Keit@gmail.com,Mandy_Wood@msn.com,Albert_Helibron@yahoo.com
Betty_Chrysler@yahoo.com,Mandy_Wood@msn.com,Albert_Helibron@yahoo.com
Bruno_Keit@gmail.com,Mandy_Wood@msn.com,Albert_Helibron@yahoo.com
Bruno_Larson@msn.com,Mandy_Wood@msn.com,Albert_Helibron@yahoo.com
Bruno_Lomet@gmail.com,Mandy_Wood@msn.com,Albert_Helibron@yahoo.com
Celina_Larson@yahoo.com,Mandy_Wood@msn.com,Albert_Helibron@yahoo.com
Elena_Parker@yahoo.com,Mandy_Wood@msn.com,Albert_Helibron@yahoo.com
Emma_DSouza@msn.com,Mandy_Wood@msn.com,Albert_Helibron@yahoo.com
George_Goldstein@gmail.com,Mandy_Wood@msn.com,Albert_Helibron@yahoo.com
George_Lomet@msn.com,Mandy_Wood@msn.com,Albert_Helibron@yahoo.com
Gina_Parker@hotmail.com,Mandy_Wood@msn.com,Albert_Helibron@yahoo.com
Kitty_Helibron@hotmail.com,Mandy_Wood@msn.com,Albert_Helibron@yahoo.com
Monica_DSouza@msn.com,Mandy_Wood@msn.com,Albert_Helibron@yahoo.com
Nadir_Helibron@gmail.com,Mandy_Wood@msn.com,Albert_Helibron@yahoo.com
Nadir_Wood@msn.com,Mandy_Wood@msn.com,Albert_Helibron@yahoo.com
Roger_Carey@msn.com,Mandy_Wood@msn.com,Albert_Helibron@yahoo.com
Sarena_DSouza@msn.com,Mandy_Wood@msn.com,Albert_Helibron@yahoo.com
Albert_Carey@msn.com,Nadir_Karipova@msn.com,Albert_Helibron@yahoo.com
Albert_Li@gmail.com,Nadir_Karipova@msn.com,Albert_Helibron@yahoo.com
Alex_Carey@gmail.com,Nadir_Karipova@msn.com,Albert_Helibron@yahoo.com
Alex_Wood@yahoo.com,Nadir_Karipova@msn.com,Albert_Helibron@yahoo.com
Betty_Helibron@yahoo.com,Nadir_Karipova@msn.com,Albert_Helibron@yahoo.com
Betty_Lomet@yahoo.com,Nadir_Karipova@msn.com,Albert_Helibron@yahoo.com
Celina_Parker@gmail.com,Nadir_Karipova@msn.com,Albert_Helibron@yahoo.com
Celina_Toddbridge@gmail.com,Nadir_Karipova@msn.com,Albert_Helibron@yahoo.com
Charles_Parker@msn.com,Nadir_Karipova@msn.com,Albert_Helibron@yahoo.com
Denny_Toddbridge@hotmail.com,Nadir_Karipova@msn.com,Albert_Helibron@yahoo.com
John_Parker@yahoo.com,Nadir_Karipova@msn.com,Albert_Helibron@yahoo.com
Monica_Keit@yahoo.com,Nadir_Karipova@msn.com,Albert_Helibron@yahoo.com
Sam_DSouza@msn.com,Nadir_Karipova@msn.com,Albert_Helibron@yahoo.com
Sam_Larson@yahoo.com,Nadir_Karipova@msn.com,Albert_Helibron@yahoo.com
Albert_Larson@hotmail.com,Nadir_Toddbridge@hotmail.com,Albert_Helibron@yahoo.com
Alex_Keit@gmail.com,Nadir_Toddbridge@hotmail.com,Albert_Helibron@yahoo.com
Betty_Lomet@yahoo.com,Nadir_Toddbridge@hotmail.com,Albert_Helibron@yahoo.com
Bruno_Keit@gmail.com,Nadir_Toddbridge@hotmail.com,Albert_Helibron@yahoo.com
Denny_Keit@yahoo.com,Nadir_Toddbridge@hotmail.com,Albert_Helibron@yahoo.com
Elena_Chrysler@msn.com,Nadir_Toddbridge@hotmail.com,Albert_Helibron@yahoo.com
Emma_DSouza@msn.com,Nadir_Toddbridge@hotmail.com,Albert_Helibron@yahoo.com
Emma_Goldstein@yahoo.com,Nadir_Toddbridge@hotmail.com,Albert_Helibron@yahoo.com
Erie_DSouza@hotmail.com,Nadir_Toddbridge@hotmail.com,Albert_Helibron@yahoo.com
George_Smith@hotmail.com,Nadir_Toddbridge@hotmail.com,Albert_Helibron@yahoo.com
Gina_Carey@gmail.com,Nadir_Toddbridge@hotmail.com,Albert_Helibron@yahoo.com
Gina_Parker@hotmail.com,Nadir_Toddbridge@hotmail.com,Albert_Helibron@yahoo.com
John_Wood@yahoo.com,Nadir_Toddbridge@hotmail.com,Albert_Helibron@yahoo.com
Monica_Toddbridge@gmail.com,Nadir_Toddbridge@hotmail.com,Albert_Helibron@yahoo.com
Peter_Keit@msn.com,Nadir_Toddbridge@hotmail.com,Albert_Helibron@yahoo.com
Albert_Carey@msn.com,Peter_Karipova@hotmail.com,Albert_Helibron@yahoo.com
Bruno_Li@msn.com,Peter_Karipova@hotmail.com,Albert_Helibron@yahoo.com
Celina_Larson@yahoo.com,Peter_Karipova@hotmail.com,Albert_Helibron@yahoo.com
Celina_Toddbridge@gmail.com,Peter_Karipova@hotmail.com,Albert_Helibron@yahoo.com
Charles_Chrysler@yahoo.com,Peter_Karipova@hotmail.com,Albert_Helibron@yahoo.com
Denny_Larson@yahoo.com,Peter_Karipova@hotmail.com,Albert_Helibron@yahoo.com
Denny_Toddbridge@hotmail.com,Peter_Karipova@hotmail.com,Albert_Helibron@yahoo.com
Emma_Smith@hotmail.com,Peter_Karipova@hotmail.com,Albert_Helibron@yahoo.com
Gina_Parker@hotmail.com,Peter_Karipova@hotmail.com,Albert_Helibron@yahoo.com
Gina_Smith@msn.com,Peter_Karipova@hotmail.com,Albert_Helibron@yahoo.com
Kitty_Toddbridge@msn.com,Peter_Karipova@hotmail.com,Albert_Helibron@yahoo.com
Monica_Lomet@hotmail.com,Peter_Karipova@hotmail.com,Albert_Helibron@yahoo.com
Nadir_Wood@msn.com,Peter_Karipova@hotmail.com,Albert_Helibron@yahoo.com
Sam_Larson@yahoo.com,Peter_Karipova@hotmail.com,Albert_Helibron@yahoo.com
Sarena_DSouza@msn.com,Peter_Karipova@hotmail.com,Albert_Helibron@yahoo.com
Tom_Wood@msn.com,Peter_Karipova@hotmail.com,Albert_Helibron@yahoo.com
Albert_Li@gmail.com,Sam_Peterson@hotmail.com,Albert_Helibron@yahoo.com
Alex_Carey@gmail.com,Sam_Peterson@hotmail.com,Albert_Helibron@yahoo.com
Betty_Chrysler@yahoo.com,Sam_Peterson@hotmail.com,Albert_Helibron@yahoo.com
Bruno_Larson@msn.com,Sam_Peterson@hotmail.com,Albert_Helibron@yahoo.com
Charles_DSouza@gmail.com,Sam_Peterson@hotmail.com,Albert_Helibron@yahoo.com
Charles_Parker@msn.com,Sam_Peterson@hotmail.com,Albert_Helibron@yahoo.com
Denny_Keit@yahoo.com,Sam_Peterson@hotmail.com,Albert_Helibron@yahoo.com
Elena_Chrysler@msn.com,Sam_Peterson@hotmail.com,Albert_Helibron@yahoo.com
George_Lomet@msn.com,Sam_Peterson@hotmail.com,Albert_Helibron@yahoo.com
Gina_Helibron@gmail.com,Sam_Peterson@hotmail.com,Albert_Helibron@yahoo.com
Gina_Parker@hotmail.com,Sam_Peterson@hotmail.com,Albert_Helibron@yahoo.com
John_Wood@yahoo.com,Sam_Peterson@hotmail.com,Albert_Helibron@yahoo.com
Albert_Larson@hotmail.com,Sarena_Carey@hotmail.com,Albert_Helibron@yahoo.com
Alex_Carey@gmail.com,Sarena_Carey@hotmail.com,Albert_Helibron@yahoo.com
Alex_Keit@gmail.com,Sarena_Carey@hotmail.com,Albert_Helibron@yahoo.com
Alex_Larson@gmail.com,Sarena_Carey@hotmail.com,Albert_Helibron@yahoo.com
Betty_Chrysler@yahoo.com,Sarena_Carey@hotmail.com,Albert_Helibron@yahoo.com
Bruno_Parker@hotmail.com,Sarena_Carey@hotmail.com,Albert_Helibron@yahoo.com
Bruno_Smith@msn.com,Sarena_Carey@hotmail.com,Albert_Helibron@yahoo.com
Charles_Chrysler@yahoo.com,Sarena_Carey@hotmail.com,Albert_Helibron@yahoo.com
Christy_Helibron@hotmail.com,Sarena_Carey@hotmail.com,Albert_Helibron@yahoo.com
Denny_Keit@yahoo.com,Sarena_Carey@hotmail.com,Albert_Helibron@yahoo.com
Elena_Chrysler@msn.com,Sarena_Carey@hotmail.com,Albert_Helibron@yahoo.com
Elena_DSouza@gmail.com,Sarena_Carey@hotmail.com,Albert_Helibron@yahoo.com
George_Parker@hotmail.com,Sarena_Carey@hotmail.com,Albert_Helibron@yahoo.com
George_Smith@hotmail.com,Sarena_Carey@hotmail.com,Albert_Helibron@yahoo.com
Monica_DSouza@msn.com,Sarena_Carey@hotmail.com,Albert_Helibron@yahoo.com
Monica_Keit@yahoo.com,Sarena_Carey@hotmail.com,Albert_Helibron@yahoo.com
Monica_Lomet@hotmail.com,Sarena_Carey@hotmail.com,Albert_Helibron@yahoo.com
Nadir_Li@gmail.com,Sarena_Carey@hotmail.com,Albert_Helibron@yahoo.com
Alex_Carey@gmail.com,Tom_Chrysler@gmail.com,Albert_Helibron@yahoo.com
Alex_Larson@gmail.com,Tom_Chrysler@gmail.com,Albert_Helibron@yahoo.com
Alex_Peterson@gmail.com,Tom_Chrysler@gmail.com,Albert_Helibron@yahoo.com
Bruno_Parker@hotmail.com,Tom_Chrysler@gmail.com,Albert_Helibron@yahoo.com
Celina_Parker@gmail.com,Tom_Chrysler@gmail.com,Albert_Helibron@yahoo.com
Elena_Chrysler@msn.com,Tom_Chrysler@gmail.com,Albert_Helibron@yahoo.com
Elena_DSouza@gmail.com,Tom_Chrysler@gmail.com,Albert_Helibron@yahoo.com
Emma_DSouza@msn.com,Tom_Chrysler@gmail.com,Albert_Helibron@yahoo.com
Erie_Karipova@msn.com,Tom_Chrysler@gmail.com,Albert_Helibron@yahoo.com
Gina_Carey@gmail.com,Tom_Chrysler@gmail.com,Albert_Helibron@yahoo.com
Gina_Parker@hotmail.com,Tom_Chrysler@gmail.com,Albert_Helibron@yahoo.com
Mike_Keit@hotmail.com,Tom_Chrysler@gmail.com,Albert_Helibron@yahoo.com
Monica_Toddbridge@gmail.com,Tom_Chrysler@gmail.com,Albert_Helibron@yahoo.com
Sam_Li@msn.com,Tom_Chrysler@gmail.com,Albert_Helibron@yahoo.com
Tom_Carey@msn.com,Tom_Chrysler@gmail.com,Albert_Helibron@yahoo.com
Betty_Chrysler@yahoo.com,Alex_Peterson@gmail.com,Albert_Karipova@gmail.com
Betty_Lomet@yahoo.com,Alex_Peterson@gmail.com,Albert_Karipova@gmail.com
Bruno_Karipova@yahoo.com,Alex_Peterson@gmail.com,Albert_Karipova@gmail.com
Charles_DSouza@gmail.com,Alex_Peterson@gmail.com,Albert_Karipova@gmail.com
Christy_Lomet@yahoo.com,Alex_Peterson@gmail.com,Albert_Karipova@gmail.com
Elena_Chrysler@msn.com,Alex_Peterson@gmail.com,Albert_Karipova@gmail.com
Emma_Parker@hotmail.com,Alex_Peterson@gmail.com,Albert_Karipova@gmail.com
Emma_Smith@hotmail.com,Alex_Peterson@gmail.com,Albert_Karipova@gmail.com
Gina_Carey@gmail.com,Alex_Peterson@gmail.com,Albert_Karipova@gmail.com
Gina_Parker@hotmail.com,Alex_Peterson@gmail.com,Albert_Karipova@gmail.com
Jeremy_Goldstein@hotmail.com,Alex_Peterson@gmail.com,Albert_Karipova@gmail.com
Mandy_Smith@gmail.com,Alex_Peterson@gmail.com,Albert_Karipova@gmail.com
Mike_Keit@hotmail.com,Alex_Peterson@gmail.com,Albert_Karipova@gmail.com
Monica_DSouza@msn.com,Alex_Peterson@gmail.com,Albert_Karipova@gmail.com
Monica_Keit@yahoo.com,Alex_Peterson@gmail.com,Albert_Karipova@gmail.com
Monica_Lomet@hotmail.com,Alex_Peterson@gmail.com,Albert_Karipova@gmail.com
Nadir_Li@gmail.com,Alex_Peterson@gmail.com,Albert_Karipova@gmail.com
Nadir_Wood@msn.com,Alex_Peterson@gmail.com,Albert_Karipova@gmail.com
Roger_DSouza@yahoo.com,Alex_Peterson@gmail.com,Albert_Karipova@gmail.com
Sarena_Carey@hotmail.com,Alex_Peterson@gmail.com,Albert_Karipova@gmail.com
Sarena_DSouza@msn.com,Alex_Peterson@gmail.com,Albert_Karipova@gmail.com
Betty_Lomet@yahoo.com,Betty_Wood@yahoo.com,Albert_Karipova@gmail.com
Bruno_Larson@msn.com,Betty_Wood@yahoo.com,Albert_Karipova@gmail.com
Bruno_Parker@hotmail.com,Betty_Wood@yahoo.com,Albert_Karipova@gmail.com
Bruno_Smith@msn.com,Betty_Wood@yahoo.com,Albert_Karipova@gmail.com
Celina_Toddbridge@gmail.com,Betty_Wood@yahoo.com,Albert_Karipova@gmail.com
Elena_DSouza@gmail.com,Betty_Wood@yahoo.com,Albert_Karipova@gmail.com
Elena_Parker@yahoo.com,Betty_Wood@yahoo.com,Albert_Karipova@gmail.com
Emma_Smith@hotmail.com,Betty_Wood@yahoo.com,Albert_Karipova@gmail.com
Erie_DSouza@hotmail.com,Betty_Wood@yahoo.com,Albert_Karipova@gmail.com
George_Lomet@msn.com,Betty_Wood@yahoo.com,Albert_Karipova@gmail.com
George_Parker@hotmail.com,Betty_Wood@yahoo.com,Albert_Karipova@gmail.com
Jeremy_Carey@msn.com,Betty_Wood@yahoo.com,Albert_Karipova@gmail.com
John_Chrysler@hotmail.com,Betty_Wood@yahoo.com,Albert_Karipova@gmail.com
Monica_Keit@yahoo.com,Betty_Wood@yahoo.com,Albert_Karipova@gmail.com
Nadir_Goldstein@yahoo.com,Betty_Wood@yahoo.com,Albert_Karipova@gmail.com
Nadir_Karipova@msn.com,Betty_Wood@yahoo.com,Albert_Karipova@gmail.com
Nadir_Li@gmail.com,Betty_Wood@yahoo.com,Albert_Karipova@gmail.com
Nadir_Wood@msn.com,Betty_Wood@yahoo.com,Albert_Karipova@gmail.com
Peter_Karipova@hotmail.com,Betty_Wood@yahoo.com,Albert_Karipova@gmail.com
Peter_Keit@msn.com,Betty_Wood@yahoo.com,Albert_Karipova@gmail.com
Roger_Lomet@msn.com,Betty_Wood@yahoo.com,Albert_Karipova@gmail.com
Sam_Goldstein@yahoo.com,Betty_Wood@yahoo.com,Albert_Karipova@gmail.com
Sam_Helibron@yahoo.com,Betty_Wood@yahoo.com,Albert_Karipova@gmail.com
Sam_Li@msn.com,Betty_Wood@yahoo.com,Albert_Karipova@gmail.com
Tom_Wood@msn.com,Betty_Wood@yahoo.com,Albert_Karipova@gmail.com
Albert_Helibron@yahoo.com,Bruno_Li@msn.com,Albert_Karipova@gmail.com
Alex_Carey@gmail.com,Bruno_Li@msn.com,Albert_Karipova@gmail.com
Alex_Larson@gmail.com,Bruno_Li@msn.com,Albert_Karipova@gmail.com
Charles_DSouza@gmail.com,Bruno_Li@msn.com,Albert_Karipova@gmail.com
Christy_Lomet@yahoo.com,Bruno_Li@msn.com,Albert_Karipova@gmail.com
David_Parker@msn.com,Bruno_Li@msn.com,Albert_Karipova@gmail.com
Erie_Karipova@msn.com,Bruno_Li@msn.com,Albert_Karipova@gmail.com
George_Parker@hotmail.com,Bruno_Li@msn.com,Albert_Karipova@gmail.com
Gina_Carey@gmail.com,Bruno_Li@msn.com,Albert_Karipova@gmail.com
Gina_Helibron@gmail.com,Bruno_Li@msn.com,Albert_Karipova@gmail.com
Jeremy_Parker@msn.com,Bruno_Li@msn.com,Albert_Karipova@gmail.com
Mike_Keit@hotmail.com,Bruno_Li@msn.com,Albert_Karipova@gmail.com
Nadir_Goldstein@yahoo.com,Bruno_Li@msn.com,Albert_Karipova@gmail.com
Nadir_Wood@msn.com,Bruno_Li@msn.com,Albert_Karipova@gmail.com
Sam_Goldstein@yahoo.com,Bruno_Li@msn.com,Albert_Karipova@gmail.com
Sarena_Carey@hotmail.com,Bruno_Li@msn.com,Albert_Karipova@gmail.com
Tom_Chrysler@gmail.com,Bruno_Li@msn.com,Albert_Karipova@gmail.com
Alex_Carey@gmail.com,Bruno_Lomet@gmail.com,Albert_Karipova@gmail.com
Betty_Helibron@yahoo.com,Bruno_Lomet@gmail.com,Albert_Karipova@gmail.com
Bruno_Parker@hotmail.com,Bruno_Lomet@gmail.com,Albert_Karipova@gmail.com
Christy_Lomet@yahoo.com,Bruno_Lomet@gmail.com,Albert_Karipova@gmail.com
Denny_Goldstein@msn.com,Bruno_Lomet@gmail.com,Albert_Karipova@gmail.com
Denny_Larson@yahoo.com,Bruno_Lomet@gmail.com,Albert_Karipova@gmail.com
Gina_Carey@gmail.com,Bruno_Lomet@gmail.com,Albert_Karipova@gmail.com
Gina_Helibron@gmail.com,Bruno_Lomet@gmail.com,Albert_Karipova@gmail.com
Jeremy_Carey@msn.com,Bruno_Lomet@gmail.com,Albert_Karipova@gmail.com
Jeremy_Parker@msn.com,Bruno_Lomet@gmail.com,Albert_Karipova@gmail.com
Mary_Smith@gmail.com,Bruno_Lomet@gmail.com,Albert_Karipova@gmail.com
Monica_DSouza@msn.com,Bruno_Lomet@gmail.com,Albert_Karipova@gmail.com
Monica_Lomet@hotmail.com,Bruno_Lomet@gmail.com,Albert_Karipova@gmail.com
Nadir_Goldstein@yahoo.com,Bruno_Lomet@gmail.com,Albert_Karipova@gmail.com
Nadir_Helibron@gmail.com,Bruno_Lomet@gmail.com,Albert_Karipova@gmail.com
Peter_Keit@msn.com,Bruno_Lomet@gmail.com,Albert_Karipova@gmail.com
Roger_Lomet@msn.com,Bruno_Lomet@gmail.com,Albert_Karipova@gmail.com
Sam_Helibron@yahoo.com,Bruno_Lomet@gmail.com,Albert_Karipova@gmail.com
Sam_Li@msn.com,Bruno_Lomet@gmail.com,Albert_Karipova@gmail.com
Sarena_DSouza@msn.com,Bruno_Lomet@gmail.com,Albert_Karipova@gmail.com
Tom_Chrysler@gmail.com,Bruno_Lomet@gmail.com,Albert_Karipova@gmail.com
Albert_Smith@msn.com,Celina_Larson@yahoo.com,Albert_Karipova@gmail.com
Betty_Helibron@yahoo.com,Celina_Larson@yahoo.com,Albert_Karipova@gmail.com
Betty_Lomet@yahoo.com,Celina_Larson@yahoo.com,Albert_Karipova@gmail.com
Charles_DSouza@gmail.com,Celina_Larson@yahoo.com,Albert_Karipova@gmail.com
Christy_Li@msn.com,Celina_Larson@yahoo.com,Albert_Karipova@gmail.com
Denny_Larson@yahoo.com,Celina_Larson@yahoo.com,Albert_Karipova@gmail.com
Denny_Toddbridge@hotmail.com,Celina_Larson@yahoo.com,Albert_Karipova@gmail.com
Elena_DSouza@gmail.com,Celina_Larson@yahoo.com,Albert_Karipova@gmail.com
Elena_Parker@yahoo.com,Celina_Larson@yahoo.com,Albert_Karipova@gmail.com
Emma_Parker@hotmail.com,Celina_Larson@yahoo.com,Albert_Karipova@gmail.com
Erie_DSouza@hotmail.com,Celina_Larson@yahoo.com,Albert_Karipova@gmail.com
Erie_Karipova@msn.com,Celina_Larson@yahoo.com,Albert_Karipova@gmail.com
Gabriela_Li@hotmail.com,Celina_Larson@yahoo.com,Albert_Karipova@gmail.com
George_Parker@hotmail.com,Celina_Larson@yahoo.com,Albert_Karipova@gmail.com
Gina_Smith@msn.com,Celina_Larson@yahoo.com,Albert_Karipova@gmail.com
Gina_Toddbridge@msn.com,Celina_Larson@yahoo.com,Albert_Karipova@gmail.com
Jeremy_Goldstein@hotmail.com,Celina_Larson@yahoo.com,Albert_Karipova@gmail.com
Jeremy_Parker@msn.com,Celina_Larson@yahoo.com,Albert_Karipova@gmail.com
Kitty_Toddbridge@msn.com,Celina_Larson@yahoo.com,Albert_Karipova@gmail.com
Mike_Keit@hotmail.com,Celina_Larson@yahoo.com,Albert_Karipova@gmail.com
Monica_DSouza@msn.com,Celina_Larson@yahoo.com,Albert_Karipova@gmail.com
Sam_Goldstein@yahoo.com,Celina_Larson@yahoo.com,Albert_Karipova@gmail.com
Sam_Helibron@yahoo.com,Celina_Larson@yahoo.com,Albert_Karipova@gmail.com
Tom_Carey@msn.com,Celina_Larson@yahoo.com,Albert_Karipova@gmail.com
Tom_Chrysler@gmail.com,Celina_Larson@yahoo.com,Albert_Karipova@gmail.com
Albert_Larson@hotmail.com,Charles_Chrysler@yahoo.com,Albert_Karipova@gmail.com
Albert_Li@gmail.com,Charles_Chrysler@yahoo.com,Albert_Karipova@gmail.com
Alex_Keit@gmail.com,Charles_Chrysler@yahoo.com,Albert_Karipova@gmail.com
Betty_Helibron@yahoo.com,Charles_Chrysler@yahoo.com,Albert_Karipova@gmail.com
David_Parker@msn.com,Charles_Chrysler@yahoo.com,Albert_Karipova@gmail.com
Elena_DSouza@gmail.com,Charles_Chrysler@yahoo.com,Albert_Karipova@gmail.com
Emma_Goldstein@yahoo.com,Charles_Chrysler@yahoo.com,Albert_Karipova@gmail.com
Erie_Karipova@msn.com,Charles_Chrysler@yahoo.com,Albert_Karipova@gmail.com
Gabriela_Li@hotmail.com,Charles_Chrysler@yahoo.com,Albert_Karipova@gmail.com
George_Parker@hotmail.com,Charles_Chrysler@yahoo.com,Albert_Karipova@gmail.com
Gina_Smith@msn.com,Charles_Chrysler@yahoo.com,Albert_Karipova@gmail.com
Gina_Toddbridge@msn.com,Charles_Chrysler@yahoo.com,Albert_Karipova@gmail.com
Kitty_Toddbridge@msn.com,Charles_Chrysler@yahoo.com,Albert_Karipova@gmail.com
Nadir_Li@gmail.com,Charles_Chrysler@yahoo.com,Albert_Karipova@gmail.com
Sam_Li@msn.com,Charles_Chrysler@yahoo.com,Albert_Karipova@gmail.com
Sam_Peterson@hotmail.com,Charles_Chrysler@yahoo.com,Albert_Karipova@gmail.com
Sarena_DSouza@msn.com,Charles_Chrysler@yahoo.com,Albert_Karipova@gmail.com
Tom_Carey@msn.com,Charles_Chrysler@yahoo.com,Albert_Karipova@gmail.com
Albert_Carey@msn.com,Charles_Karipova@msn.com,Albert_Karipova@gmail.com
Albert_Li@gmail.com,Charles_Karipova@msn.com,Albert_Karipova@gmail.com
Betty_Chrysler@yahoo.com,Charles_Karipova@msn.com,Albert_Karipova@gmail.com
Betty_Lomet@yahoo.com,Charles_Karipova@msn.com,Albert_Karipova@gmail.com
Emma_DSouza@msn.com,Charles_Karipova@msn.com,Albert_Karipova@gmail.com
Erie_Karipova@msn.com,Charles_Karipova@msn.com,Albert_Karipova@gmail.com
George_Parker@hotmail.com,Charles_Karipova@msn.com,Albert_Karipova@gmail.com
Gina_Helibron@gmail.com,Charles_Karipova@msn.com,Albert_Karipova@gmail.com
Gina_Toddbridge@msn.com,Charles_Karipova@msn.com,Albert_Karipova@gmail.com
John_Chrysler@hotmail.com,Charles_Karipova@msn.com,Albert_Karipova@gmail.com
Kitty_Toddbridge@msn.com,Charles_Karipova@msn.com,Albert_Karipova@gmail.com
Mandy_Smith@gmail.com,Charles_Karipova@msn.com,Albert_Karipova@gmail.com
Monica_DSouza@msn.com,Charles_Karipova@msn.com,Albert_Karipova@gmail.com
Nadir_Goldstein@yahoo.com,Charles_Karipova@msn.com,Albert_Karipova@gmail.com
Nadir_Li@gmail.com,Charles_Karipova@msn.com,Albert_Karipova@gmail.com
Sam_Peterson@hotmail.com,Charles_Karipova@msn.com,Albert_Karipova@gmail.com
Albert_Smith@msn.com,Charles_Parker@msn.com,Albert_Karipova@gmail.com
Alex_Carey@gmail.com,Charles_Parker@msn.com,Albert_Karipova@gmail.com
Alex_Wood@yahoo.com,Charles_Parker@msn.com,Albert_Karipova@gmail.com
Betty_Chrysler@yahoo.com,Charles_Parker@msn.com,Albert_Karipova@gmail.com
Bruno_Larson@msn.com,Charles_Parker@msn.com,Albert_Karipova@gmail.com
Charles_DSouza@gmail.com,Charles_Parker@msn.com,Albert_Karipova@gmail.com
Christy_Li@msn.com,Charles_Parker@msn.com,Albert_Karipova@gmail.com
Denny_Toddbridge@hotmail.com,Charles_Parker@msn.com,Albert_Karipova@gmail.com
Elena_Parker@yahoo.com,Charles_Parker@msn.com,Albert_Karipova@gmail.com
John_Wood@yahoo.com,Charles_Parker@msn.com,Albert_Karipova@gmail.com
Kitty_Toddbridge@msn.com,Charles_Parker@msn.com,Albert_Karipova@gmail.com
Mary_Smith@gmail.com,Charles_Parker@msn.com,Albert_Karipova@gmail.com
Monica_Keit@yahoo.com,Charles_Parker@msn.com,Albert_Karipova@gmail.com
Nadir_Goldstein@yahoo.com,Charles_Parker@msn.com,Albert_Karipova@gmail.com
Nadir_Karipova@msn.com,Charles_Parker@msn.com,Albert_Karipova@gmail.com
Peter_Keit@msn.com,Charles_Parker@msn.com,Albert_Karipova@gmail.com
Roger_Carey@msn.com,Charles_Parker@msn.com,Albert_Karipova@gmail.com
Sam_DSouza@msn.com,Charles_Parker@msn.com,Albert_Karipova@gmail.com
Sam_Goldstein@yahoo.com,Charles_Parker@msn.com,Albert_Karipova@gmail.com
Sam_Peterson@hotmail.com,Charles_Parker@msn.com,Albert_Karipova@gmail.com
Tom_Carey@msn.com,Charles_Parker@msn.com,Albert_Karipova@gmail.com
Albert_Carey@msn.com,Charles_Peterson@msn.com,Albert_Karipova@gmail.com
Albert_Smith@msn.com,Charles_Peterson@msn.com,Albert_Karipova@gmail.com
Betty_Lomet@yahoo.com,Charles_Peterson@msn.com,Albert_Karipova@gmail.com
Celina_Toddbridge@gmail.com,Charles_Peterson@msn.com,Albert_Karipova@gmail.com
Denny_Goldstein@msn.com,Charles_Peterson@msn.com,Albert_Karipova@gmail.com
Emma_Goldstein@yahoo.com,Charles_Peterson@msn.com,Albert_Karipova@gmail.com
Jeremy_Carey@msn.com,Charles_Peterson@msn.com,Albert_Karipova@gmail.com
John_Wood@yahoo.com,Charles_Peterson@msn.com,Albert_Karipova@gmail.com
Nadir_Wood@msn.com,Charles_Peterson@msn.com,Albert_Karipova@gmail.com
Peter_Keit@msn.com,Charles_Peterson@msn.com,Albert_Karipova@gmail.com
Sam_Peterson@hotmail.com,Charles_Peterson@msn.com,Albert_Karipova@gmail.com
Tina_Keit@msn.com,Charles_Peterson@msn.com,Albert_Karipova@gmail.com
Tom_Carey@msn.com,Charles_Peterson@msn.com,Albert_Karipova@gmail.com
Albert_Carey@msn.com,Denny_Karipova@yahoo.com,Albert_Karipova@gmail.com
Albert_Larson@hotmail.com,Denny_Karipova@yahoo.com,Albert_Karipova@gmail.com
Betty_Chrysler@yahoo.com,Denny_Karipova@yahoo.com,Albert_Karipova@gmail.com
Bruno_Smith@msn.com,Denny_Karipova@yahoo.com,Albert_Karipova@gmail.com
David_Parker@msn.com,Denny_Karipova@yahoo.com,Albert_Karipova@gmail.com
Denny_Larson@yahoo.com,Denny_Karipova@yahoo.com,Albert_Karipova@gmail.com
Erie_DSouza@hotmail.com,Denny_Karipova@yahoo.com,Albert_Karipova@gmail.com
Gabriela_Li@hotmail.com,Denny_Karipova@yahoo.com,Albert_Karipova@gmail.com
John_Wood@yahoo.com,Denny_Karipova@yahoo.com,Albert_Karipova@gmail.com
Kitty_Toddbridge@msn.com,Denny_Karipova@yahoo.com,Albert_Karipova@gmail.com
Mike_Keit@hotmail.com,Denny_Karipova@yahoo.com,Albert_Karipova@gmail.com
Monica_Keit@yahoo.com,Denny_Karipova@yahoo.com,Albert_Karipova@gmail.com
Sarena_Li@gmail.com,Denny_Karipova@yahoo.com,Albert_Karipova@gmail.com
Albert_Larson@hotmail.com,George_Goldstein@gmail.com,Albert_Karipova@gmail.com
Alex_Carey@gmail.com,George_Goldstein@gmail.com,Albert_Karipova@gmail.com
Alex_Larson@gmail.com,George_Goldstein@gmail.com,Albert_Karipova@gmail.com
Bruno_Parker@hotmail.com,George_Goldstein@gmail.com,Albert_Karipova@gmail.com
Celina_Parker@gmail.com,George_Goldstein@gmail.com,Albert_Karipova@gmail.com
Elena_Parker@yahoo.com,George_Goldstein@gmail.com,Albert_Karipova@gmail.com
Gina_Smith@msn.com,George_Goldstein@gmail.com,Albert_Karipova@gmail.com
John_Wood@yahoo.com,George_Goldstein@gmail.com,Albert_Karipova@gmail.com
Kitty_Toddbridge@msn.com,George_Goldstein@gmail.com,Albert_Karipova@gmail.com
Nadir_Goldstein@yahoo.com,George_Goldstein@gmail.com,Albert_Karipova@gmail.com
Peter_Keit@msn.com,George_Goldstein@gmail.com,Albert_Karipova@gmail.com
Roger_Lomet@msn.com,George_Goldstein@gmail.com,Albert_Karipova@gmail.com
Betty_Chrysler@yahoo.com,George_Smith@hotmail.com,Albert_Karipova@gmail.com
Bruno_Parker@hotmail.com,George_Smith@hotmail.com,Albert_Karipova@gmail.com
Charles_DSouza@gmail.com,George_Smith@hotmail.com,Albert_Karipova@gmail.com
Denny_Goldstein@msn.com,George_Smith@hotmail.com,Albert_Karipova@gmail.com
Elena_Parker@yahoo.com,George_Smith@hotmail.com,Albert_Karipova@gmail.com
Gina_Carey@gmail.com,George_Smith@hotmail.com,Albert_Karipova@gmail.com
John_Chrysler@hotmail.com,George_Smith@hotmail.com,Albert_Karipova@gmail.com
John_Wood@yahoo.com,George_Smith@hotmail.com,Albert_Karipova@gmail.com
Monica_Lomet@hotmail.com,George_Smith@hotmail.com,Albert_Karipova@gmail.com
Nadir_Wood@msn.com,George_Smith@hotmail.com,Albert_Karipova@gmail.com
Roger_DSouza@yahoo.com,George_Smith@hotmail.com,Albert_Karipova@gmail.com
Sam_Goldstein@yahoo.com,George_Smith@hotmail.com,Albert_Karipova@gmail.com
Sam_Li@msn.com,George_Smith@hotmail.com,Albert_Karipova@gmail.com
Sarena_Li@gmail.com,George_Smith@hotmail.com,Albert_Karipova@gmail.com
Tina_Keit@msn.com,George_Smith@hotmail.com,Albert_Karipova@gmail.com
Albert_Helibron@yahoo.com,Gina_Larson@msn.com,Albert_Karipova@gmail.com
Bruno_Larson@msn.com,Gina_Larson@msn.com,Albert_Karipova@gmail.com
Bruno_Parker@hotmail.com,Gina_Larson@msn.com,Albert_Karipova@gmail.com
Celina_Parker@gmail.com,Gina_Larson@msn.com,Albert_Karipova@gmail.com
Christy_Helibron@hotmail.com,Gina_Larson@msn.com,Albert_Karipova@gmail.com
Denny_Larson@yahoo.com,Gina_Larson@msn.com,Albert_Karipova@gmail.com
Emma_Smith@hotmail.com,Gina_Larson@msn.com,Albert_Karipova@gmail.com
George_Lomet@msn.com,Gina_Larson@msn.com,Albert_Karipova@gmail.com
Gina_Smith@msn.com,Gina_Larson@msn.com,Albert_Karipova@gmail.com
Jeremy_Carey@msn.com,Gina_Larson@msn.com,Albert_Karipova@gmail.com
Mandy_Smith@gmail.com,Gina_Larson@msn.com,Albert_Karipova@gmail.com
Monica_DSouza@msn.com,Gina_Larson@msn.com,Albert_Karipova@gmail.com
Tom_Carey@msn.com,Gina_Larson@msn.com,Albert_Karipova@gmail.com
Albert_Carey@msn.com,John_Parker@yahoo.com,Albert_Karipova@gmail.com
Alex_Larson@gmail.com,John_Parker@yahoo.com,Albert_Karipova@gmail.com
Betty_Chrysler@yahoo.com,John_Parker@yahoo.com,Albert_Karipova@gmail.com
Bruno_Keit@gmail.com,John_Parker@yahoo.com,Albert_Karipova@gmail.com
David_Parker@msn.com,John_Parker@yahoo.com,Albert_Karipova@gmail.com
Emma_Goldstein@yahoo.com,John_Parker@yahoo.com,Albert_Karipova@gmail.com
Gina_Helibron@gmail.com,John_Parker@yahoo.com,Albert_Karipova@gmail.com
Gina_Parker@hotmail.com,John_Parker@yahoo.com,Albert_Karipova@gmail.com
Mandy_Wood@msn.com,John_Parker@yahoo.com,Albert_Karipova@gmail.com
Mary_Smith@gmail.com,John_Parker@yahoo.com,Albert_Karipova@gmail.com
Nadir_Goldstein@yahoo.com,John_Parker@yahoo.com,Albert_Karipova@gmail.com
Roger_Carey@msn.com,John_Parker@yahoo.com,Albert_Karipova@gmail.com
Sam_Helibron@yahoo.com,John_Parker@yahoo.com,Albert_Karipova@gmail.com
Sarena_Li@gmail.com,John_Parker@yahoo.com,Albert_Karipova@gmail.com
Tom_Wood@msn.com,John_Parker@yahoo.com,Albert_Karipova@gmail.com
Alex_Larson@gmail.com,Kitty_Helibron@hotmail.com,Albert_Karipova@gmail.com
Alex_Wood@yahoo.com,Kitty_Helibron@hotmail.com,Albert_Karipova@gmail.com
Bruno_Keit@gmail.com,Kitty_Helibron@hotmail.com,Albert_Karipova@gmail.com
Celina_Parker@gmail.com,Kitty_Helibron@hotmail.com,Albert_Karipova@gmail.com
Celina_Toddbridge@gmail.com,Kitty_Helibron@hotmail.com,Albert_Karipova@gmail.com
Christy_Lomet@yahoo.com,Kitty_Helibron@hotmail.com,Albert_Karipova@gmail.com
George_Lomet@msn.com,Kitty_Helibron@hotmail.com,Albert_Karipova@gmail.com
George_Parker@hotmail.com,Kitty_Helibron@hotmail.com,Albert_Karipova@gmail.com
Jeremy_Goldstein@hotmail.com,Kitty_Helibron@hotmail.com,Albert_Karipova@gmail.com
Kitty_Toddbridge@msn.com,Kitty_Helibron@hotmail.com,Albert_Karipova@gmail.com
Nadir_Li@gmail.com,Kitty_Helibron@hotmail.com,Albert_Karipova@gmail.com
Roger_Carey@msn.com,Kitty_Helibron@hotmail.com,Albert_Karipova@gmail.com
Roger_DSouza@yahoo.com,Kitty_Helibron@hotmail.com,Albert_Karipova@gmail.com
Sarena_DSouza@msn.com,Kitty_Helibron@hotmail.com,Albert_Karipova@gmail.com
Albert_Li@gmail.com,Monica_Toddbridge@gmail.com,Albert_Karipova@gmail.com
Betty_Helibron@yahoo.com,Monica_Toddbridge@gmail.com,Albert_Karipova@gmail.com
Bruno_Smith@msn.com,Monica_Toddbridge@gmail.com,Albert_Karipova@gmail.com
Christy_Li@msn.com,Monica_Toddbridge@gmail.com,Albert_Karipova@gmail.com
Elena_Chrysler@msn.com,Monica_Toddbridge@gmail.com,Albert_Karipova@gmail.com
Erie_DSouza@hotmail.com,Monica_Toddbridge@gmail.com,Albert_Karipova@gmail.com
Gabriela_Li@hotmail.com,Monica_Toddbridge@gmail.com,Albert_Karipova@gmail.com
George_Parker@hotmail.com,Monica_Toddbridge@gmail.com,Albert_Karipova@gmail.com
Gina_Helibron@gmail.com,Monica_Toddbridge@gmail.com,Albert_Karipova@gmail.com
Kitty_Toddbridge@msn.com,Monica_Toddbridge@gmail.com,Albert_Karipova@gmail.com
Peter_Keit@msn.com,Monica_Toddbridge@gmail.com,Albert_Karipova@gmail.com
Roger_DSouza@yahoo.com,Monica_Toddbridge@gmail.com,Albert_Karipova@gmail.com
Sarena_DSouza@msn.com,Monica_Toddbridge@gmail.com,Albert_Karipova@gmail.com
